pa,k_percent,bb_percent,woba,xwoba,sweet_spot_percent,barrel_batted_rate,hard_hit_percent,avg_best_speed,avg_hyper_speed,whiff_percent,swing_percent
705,18.3,6.8,0.325,0.307,30.1,6.9,32.8,77.650030909,93.507853123,20.2,47.8
741,25.6,5.9,0.268,0.293,37.3,9.8,40.6,80.393226331,94.253239919,26.7,52.7
726,33.5,5.6,0.276,0.274,33.0,9.8,38.6,77.565526758,94.105607466,31.9,48.9
866,17.0,6.5,0.311,0.311,31.5,4.9,35.2,77.912445506,93.493739367,18.0,47.7
248,23.8,6.9,0.32,0.318,34.3,7.1,36.7,78.485395366,93.790261524,29.6,45.0
534,19.5,5.8,0.331,0.343,34.7,10.6,39.0,78.973263622,94.487751049,19.8,48.4
731,25.7,5.7,0.305,0.308,34.8,7.9,36.0,79.742936708,93.732759521,27.2,51.5
720,19.4,8.5,0.311,0.307,29.0,4.3,32.5,76.949157521,93.08191824,22.8,44.6
808,24.8,7.1,0.287,0.32,30.9,8.0,45.6,81.844590865,95.101299868,26.7,47.2
561,18.5,9.6,0.36,0.356,35.5,7.8,35.5,77.08827198,93.719873756,21.1,47.9
154,23.4,11.0,0.38,0.344,45.0,6.0,38.0,76.8927192,94.1626739,27.3,47.7
694,27.1,7.3,0.322,0.292,34.1,7.8,34.9,79.07837838,93.549015058,27.2,48.1
171,19.9,7.0,0.336,0.316,27.0,4.1,49.2,82.387648689,95.110284628,25.7,45.2
828,23.6,6.0,0.294,0.297,34.5,5.3,32.4,75.98017,93.070746151,23.0,50.9
190,22.6,5.8,0.358,0.364,41.8,10.4,38.8,78.012764776,94.478611418,24.9,48.8
159,24.5,7.5,0.262,0.326,35.2,7.6,43.8,76.190096415,93.83150619,24.2,42.5
639,20.7,11.1,0.361,0.332,34.7,7.7,38.5,77.103488815,93.79839827,25.1,47.5
805,19.0,4.8,0.279,0.306,35.1,6.9,36.0,76.747856744,93.485106739,18.5,48.9
756,23.3,8.5,0.303,0.31,32.5,5.3,39.3,78.131276787,94.098144266,27.0,47.8
240,24.6,7.5,0.278,0.276,31.1,4.3,32.3,73.64785675,92.8843835,26.2,50.7
776,19.7,10.1,0.305,0.315,32.3,5.8,27.5,75.979605172,92.614986169,22.5,44.9
648,21.0,8.2,0.347,0.354,39.7,7.3,33.6,77.636625,93.393625241,22.8,49.2
671,17.1,7.3,0.323,0.335,30.0,6.4,36.8,78.575125172,94.253213513,20.7,47.9
665,32.8,10.7,0.282,0.297,31.5,6.2,41.0,79.748876264,94.264737912,34.2,44.7
539,20.2,5.8,0.308,0.325,33.0,7.6,35.8,77.560782051,93.826673462,22.1,49.1
525,12.2,7.0,0.327,0.347,26.6,4.8,34.1,80.680145132,94.146908571,18.6,47.2
884,14.3,6.9,0.307,0.314,32.7,4.4,30.5,77.444821923,92.707226701,19.5,49.4
582,16.3,6.4,0.355,0.351,36.4,7.9,40.9,78.820426091,94.314553841,18.9,48.0
230,30.9,7.8,0.287,0.313,38.2,10.3,34.6,73.058888806,93.584681353,32.2,45.6
797,30.5,6.4,0.267,0.273,31.6,5.7,34.1,75.64792823,93.404000041,35.2,46.2
777,34.1,4.6,0.24,0.248,33.8,5.3,29.2,73.482502112,92.579947586,33.6,49.1
557,25.1,6.1,0.303,0.286,34.9,4.8,28.4,75.376650984,92.508379754,27.0,48.1
511,22.9,4.7,0.306,0.28,30.6,4.1,41.2,80.577407377,94.37797112,25.5,49.8
633,29.4,8.7,0.31,0.291,35.1,7.4,38.5,78.768392552,93.979846684,30.7,49.9
742,24.7,7.0,0.332,0.307,31.9,5.8,37.9,79.780287358,93.996075703,28.8,45.9
159,27.7,9.4,0.264,0.286,33.7,9.2,41.8,80.117989796,94.003738061,32.0,45.3
213,21.6,8.0,0.313,0.328,37.2,8.8,35.1,80.637716027,93.78769226,25.9,47.1
626,22.7,7.3,0.301,0.291,33.3,4.3,31.1,74.125082824,92.893389398,22.1,47.7
521,25.7,7.5,0.292,0.295,34.8,6.1,38.0,76.503695765,93.824895221,25.9,48.9
693,26.6,7.1,0.293,0.279,33.4,5.0,31.0,74.156470132,92.633089342,26.1,45.2
708,29.8,6.1,0.252,0.279,36.0,5.8,32.7,73.412163318,93.487917153,28.2,51.1
536,20.7,3.7,0.268,0.293,34.7,9.2,37.2,78.1802297,93.892214687,23.5,51.5
733,18.8,9.7,0.313,0.322,33.1,6.8,40.9,77.901900078,94.417705363,20.5,44.1
527,26.9,9.5,0.289,0.299,32.0,8.2,35.1,79.013770491,93.829788558,31.3,45.5
648,21.5,9.0,0.379,0.358,35.7,7.8,39.5,78.560234136,94.179600432,21.0,42.8
660,20.9,7.4,0.33,0.304,32.4,6.1,31.1,77.301990348,92.957795348,23.0,45.5
626,16.6,12.0,0.388,0.383,37.9,8.2,39.5,77.431320642,94.022564736,18.8,41.2
651,14.4,2.5,0.347,0.365,37.1,7.6,40.6,79.80834891,94.020705808,12.4,51.4
911,23.7,5.6,0.254,0.264,25.2,3.3,28.0,74.698599397,92.432825698,25.0,44.5
890,33.8,4.7,0.231,0.228,29.0,3.3,24.4,75.253223876,92.038684524,32.5,51.4
617,18.6,9.7,0.356,0.357,34.6,8.5,47.8,80.140899724,95.493330023,22.4,48.9
724,18.5,5.8,0.342,0.332,35.5,6.1,39.2,79.698250602,94.093293835,21.5,45.9
548,12.6,6.0,0.346,0.337,29.5,5.0,30.0,76.709887206,92.813471867,14.5,44.3
168,26.2,8.9,0.318,0.319,39.8,8.3,43.5,78.199123148,94.373298981,29.4,48.3
531,20.3,9.6,0.365,0.337,35.0,7.9,32.7,76.968297809,93.238116761,24.6,47.2
869,26.9,4.5,0.266,0.277,31.1,4.8,30.1,77.451582296,92.840258905,26.8,50.5
238,38.2,9.2,0.289,0.274,32.0,8.8,42.4,80.449045323,94.735060081,32.6,46.5
758,21.6,5.7,0.331,0.323,34.5,8.6,35.6,78.301945,93.595588475,22.0,46.9
652,19.6,11.3,0.318,0.332,38.0,7.0,35.1,76.334476941,93.456079153,27.7,46.6
744,24.1,7.4,0.272,0.278,32.9,4.8,27.1,75.422836173,92.398570412,24.5,49.2
262,20.6,5.7,0.277,0.324,33.0,6.3,36.6,75.684768404,93.58274617,24.1,46.0
533,20.1,6.4,0.307,0.336,34.4,7.8,47.8,81.658119741,95.361877073,24.2,46.1
826,21.5,7.4,0.333,0.32,30.1,6.7,35.6,76.167283693,93.879800506,25.3,47.0
265,15.8,6.4,0.333,0.363,34.0,12.3,38.9,77.820627228,94.226303762,18.1,44.3
645,23.6,6.4,0.327,0.313,35.2,7.0,39.5,76.28136711,94.446088119,27.6,52.1
224,21.4,8.9,0.321,0.326,33.3,9.8,35.9,78.127005789,94.03656543,24.8,47.3
558,26.9,7.3,0.341,0.318,33.8,9.4,40.8,78.778524327,94.070027126,28.2,48.7
629,18.9,10.2,0.345,0.34,37.6,8.2,32.3,75.818054326,93.084649767,27.8,49.7
245,17.6,7.3,0.383,0.354,37.6,9.4,37.6,78.450162111,93.882949553,23.4,47.6
509,15.5,6.3,0.356,0.358,37.6,7.7,43.8,80.680833316,94.94142239,17.8,47.8
835,32.2,5.5,0.23,0.243,32.2,4.1,28.9,75.417923083,92.619660514,31.0,52.5
668,23.4,3.1,0.322,0.287,31.6,5.7,34.2,77.499435588,93.150699895,25.7,51.0
745,20.5,8.6,0.33,0.329,32.1,6.5,39.2,78.292462056,93.845111434,19.0,42.4
543,16.8,6.6,0.315,0.319,31.3,5.3,29.2,76.225646548,92.906646514,19.9,45.0
759,27.7,8.4,0.308,0.298,34.1,6.5,34.3,77.107022328,93.357444017,28.4,45.2
617,16.5,9.2,0.337,0.323,28.7,6.6,41.4,78.15085467,94.3547437,21.5,48.8
707,19.5,4.8,0.271,0.275,34.2,4.9,28.5,73.22844707,92.353431738,24.2,52.7
785,16.7,4.6,0.33,0.341,34.0,6.5,36.8,79.549556807,93.808280474,17.9,50.5
586,16.6,6.1,0.355,0.349,37.2,9.2,43.0,78.83503621,94.822570228,18.3,47.4
686,21.1,4.7,0.311,0.311,37.8,5.4,35.0,78.18887644,93.497978357,21.0,48.4
627,26.3,8.5,0.285,0.294,28.7,6.4,38.7,76.414951701,93.824904742,30.5,44.8
814,17.0,7.2,0.332,0.33,31.1,5.6,34.9,78.376797424,93.557475874,21.2,45.1
672,15.2,7.6,0.309,0.339,37.0,7.2,33.3,78.729539363,93.381141876,17.3,43.7
784,25.5,8.4,0.266,0.285,31.0,5.3,32.4,74.856549488,92.974631594,28.7,46.3
755,24.4,8.3,0.302,0.29,28.2,4.6,33.6,76.67779789,92.909762474,24.0,47.4
800,30.8,6.0,0.265,0.283,31.1,5.8,35.6,77.787217137,93.521333354,34.3,47.6
235,30.6,11.1,0.275,0.304,37.0,3.7,32.6,75.730744328,92.969396343,29.5,40.0
516,25.2,8.3,0.347,0.335,34.1,10.2,40.1,81.149716975,94.589820741,25.7,49.5
666,24.5,9.3,0.325,0.346,37.4,11.0,47.0,81.841853023,95.503867744,27.7,48.5
839,23.7,5.1,0.286,0.303,35.4,6.4,33.5,77.487911633,93.216715877,25.9,45.3
247,23.5,4.5,0.286,0.279,34.3,4.6,37.7,78.332032209,93.884833547,23.4,49.5
552,30.1,8.9,0.28,0.278,31.4,7.0,29.1,74.895332166,92.59006262,28.1,45.5
617,38.4,5.5,0.237,0.233,31.9,7.5,26.8,74.146397669,92.528917117,34.9,48.2
702,24.6,6.7,0.315,0.297,32.4,4.4,39.1,78.499193718,94.017095085,25.7,47.4
563,20.8,3.6,0.273,0.291,35.3,7.0,26.2,73.485222732,92.216714694,22.3,49.6
807,19.5,6.8,0.326,0.335,33.4,7.6,44.5,78.377673356,94.787380789,25.3,45.6
668,20.2,7.9,0.353,0.324,31.2,6.1,35.2,78.454217112,93.401729287,21.6,46.7
288,32.6,5.9,0.279,0.274,32.0,9.1,44.6,79.873113372,94.802339591,34.2,49.6
703,19.1,5.4,0.319,0.315,35.7,8.5,33.0,75.112696758,93.471536654,23.1,54.2
621,23.0,7.7,0.284,0.31,31.4,7.5,38.5,76.990684623,94.247869548,23.8,47.8
240,36.7,10.0,0.239,0.273,31.2,7.2,34.4,75.489102222,93.25455616,34.7,45.0
192,22.9,5.7,0.315,0.319,30.6,9.0,44.8,81.378267761,94.944504627,26.7,51.3
680,30.9,7.9,0.291,0.284,32.3,8.6,37.7,75.952795517,93.704981926,33.6,47.8
510,19.0,5.9,0.256,0.279,23.4,3.7,30.5,76.664589278,93.122451167,20.1,48.5
546,16.1,8.6,0.374,0.355,33.6,6.4,35.8,79.290416615,93.82981526,17.4,46.2
815,16.7,8.2,0.334,0.318,30.9,4.3,30.8,75.232212544,92.575979634,20.5,47.4
812,18.6,8.9,0.33,0.324,30.6,6.4,30.5,76.701951696,92.903528463,21.5,47.0
669,21.5,6.7,0.284,0.295,30.5,8.2,41.3,79.990406017,94.269512972,22.5,49.6
683,16.7,5.1,0.327,0.332,33.2,7.9,38.7,80.035492471,94.077225463,19.6,48.9
616,22.6,7.8,0.302,0.305,32.5,5.0,29.1,74.754791171,92.601706577,23.2,45.6
716,25.6,11.6,0.318,0.33,36.8,7.8,39.1,77.30793493,94.400073953,32.2,42.9
550,28.5,8.4,0.27,0.284,34.9,5.0,36.7,75.956438563,93.768583563,30.7,49.4
504,19.8,9.1,0.347,0.333,37.5,6.0,35.2,77.671561392,93.646203354,19.9,46.9
786,22.9,6.5,0.261,0.284,33.0,5.4,31.5,77.162472322,92.941560807,24.8,49.5
256,22.7,5.1,0.266,0.303,34.8,8.7,39.1,78.429371648,94.275628242,23.5,44.5
197,22.3,14.2,0.322,0.385,33.6,13.1,39.3,78.284208333,94.600981849,26.8,39.7
736,17.5,8.2,0.321,0.306,30.6,3.5,30.0,76.969609693,92.973761382,21.7,45.3
638,25.4,7.7,0.33,0.317,33.7,6.4,38.7,79.730301531,93.947308897,28.6,48.5
585,18.5,7.2,0.321,0.341,37.4,11.4,37.0,76.738034225,93.854091103,20.4,48.0
216,19.4,6.5,0.349,0.31,29.7,7.0,38.0,75.007615641,93.855288645,24.1,51.1
654,23.2,8.9,0.317,0.302,29.0,7.4,36.6,78.962315498,93.648047678,23.0,43.5
614,17.1,8.6,0.301,0.327,32.1,5.4,36.0,77.039547955,93.468307727,21.5,46.8
595,15.8,4.7,0.329,0.321,35.3,8.9,38.3,77.751138412,94.198384485,21.1,52.2
678,22.6,8.4,0.29,0.31,29.5,6.2,38.6,75.107633231,93.97063919,27.2,46.6
533,24.2,7.5,0.32,0.304,33.1,6.1,38.7,79.288082784,93.882256449,25.7,47.0
711,26.0,8.3,0.307,0.31,36.0,6.2,34.7,77.573562329,93.545400457,26.5,49.0
647,20.4,6.5,0.285,0.3,28.7,5.8,32.3,77.486104248,93.376363947,23.4,48.8
775,16.1,11.6,0.345,0.348,30.5,7.0,37.1,78.620984037,93.523389574,21.4,43.4
278,36.0,6.1,0.227,0.225,25.9,6.3,38.0,77.766438101,93.703112739,30.2,46.4
713,14.4,6.2,0.372,0.362,37.4,7.7,35.4,79.736894036,93.562504564,17.9,49.3
518,20.3,7.7,0.334,0.342,39.2,8.9,37.1,79.256158785,93.946026934,19.1,47.1
573,16.4,10.1,0.362,0.356,34.9,8.1,43.5,78.2401011,94.651932751,18.3,43.0
275,19.3,6.5,0.299,0.347,32.2,6.9,52.0,79.148097525,96.19126099,17.8,43.7
731,20.4,7.3,0.331,0.344,34.8,6.8,36.2,77.411569084,93.589858625,23.0,47.5
204,19.1,6.9,0.361,0.378,41.3,12.7,40.7,79.834825067,94.424558792,24.4,49.3
528,22.9,5.9,0.334,0.355,39.8,10.5,43.0,78.633480815,94.870366576,23.0,53.6
502,19.5,8.4,0.333,0.319,32.0,5.8,31.8,78.420381494,93.006613764,22.9,46.2
594,14.5,6.9,0.371,0.336,31.5,5.6,34.5,77.431217699,93.398032129,18.8,47.9
248,32.3,4.0,0.219,0.257,31.0,7.0,24.7,74.312775844,92.194825425,34.7,52.6
553,19.9,8.3,0.301,0.329,30.7,5.2,41.9,79.979090851,94.413775947,21.6,42.8
225,17.3,7.1,0.323,0.339,36.5,10.2,42.5,80.162239268,94.847098841,21.3,50.5
586,20.3,7.7,0.348,0.354,38.3,8.8,40.8,77.769452548,94.233176178,20.8,44.3
795,22.3,6.8,0.338,0.289,33.6,4.7,28.3,76.699155602,92.67386547,23.8,47.6
547,23.8,9.9,0.324,0.319,39.9,6.1,36.3,77.641504261,93.486585284,25.7,45.7
728,20.7,4.4,0.308,0.317,34.5,8.3,36.2,77.238196617,94.010264444,23.0,49.1
531,30.9,9.0,0.318,0.31,35.6,9.4,40.1,79.380686169,94.284722541,31.9,48.8
628,12.9,4.0,0.362,0.363,37.2,7.5,40.8,78.990581081,94.305538687,12.5,46.2
737,20.2,5.2,0.34,0.327,36.9,5.6,36.5,78.506975189,93.767292235,20.9,46.9
665,18.9,6.0,0.289,0.307,28.2,4.9,33.7,78.259464093,93.416894989,23.8,49.8
645,32.2,6.5,0.287,0.287,36.3,9.4,42.1,79.950562577,94.381203557,30.0,52.6
843,20.3,8.7,0.322,0.336,33.7,5.1,36.6,79.00118689,93.651211572,25.8,45.9
260,20.8,7.3,0.325,0.343,40.3,7.7,43.1,77.626897222,94.550886944,21.9,46.5
835,28.5,8.4,0.285,0.304,31.7,9.4,38.7,78.977153813,94.527443294,31.5,47.4
199,31.2,13.6,0.249,0.276,32.4,5.6,30.6,76.979116852,93.643054815,30.8,44.2
626,22.5,8.9,0.348,0.313,35.9,7.3,33.6,76.258119279,93.493708582,27.1,46.6
793,25.5,5.7,0.303,0.298,36.3,8.3,38.5,78.53543572,94.143390037,26.0,49.3
304,15.1,7.6,0.335,0.344,31.9,5.6,35.8,75.81297469,93.455217035,20.5,45.9
859,24.8,8.7,0.307,0.292,31.7,5.9,29.4,75.237237491,92.609035278,27.4,46.4
688,15.6,9.2,0.34,0.319,29.0,4.3,33.6,73.503644139,93.326657316,18.1,45.5
202,15.8,5.0,0.328,0.333,31.4,6.4,48.1,77.666151299,94.78777513,19.5,44.9
598,18.1,9.7,0.337,0.35,33.8,8.2,36.1,77.896427923,93.852384976,16.9,43.0
631,19.0,12.2,0.338,0.329,31.2,5.6,32.1,74.164853905,93.296800048,24.0,43.9
641,23.6,9.4,0.335,0.327,31.4,10.2,38.6,80.118188846,94.263143438,26.4,48.2
768,16.3,5.5,0.323,0.338,35.9,7.3,39.3,78.890512423,94.048238838,19.2,52.0
860,19.9,8.5,0.29,0.285,26.6,3.6,27.7,77.148635104,92.609204132,21.1,49.4
515,16.1,11.1,0.377,0.368,39.0,5.4,36.0,79.034154144,93.582942382,21.0,46.1
821,20.6,8.4,0.289,0.295,30.9,4.3,34.9,77.422939036,93.581278732,21.0,44.5
155,16.1,9.7,0.33,0.34,30.4,7.1,42.0,76.760998364,94.485197523,19.8,48.7
540,18.5,10.2,0.28,0.301,30.5,3.2,28.5,74.879156054,92.587995745,20.4,43.7
911,27.8,9.0,0.316,0.31,33.8,8.6,37.7,78.030029018,93.847217,29.3,45.3
599,24.4,9.2,0.321,0.312,31.0,8.1,41.3,80.158988095,94.055513148,23.9,47.4
621,23.3,9.0,0.307,0.317,32.3,7.0,37.3,78.089879158,94.03860901,22.5,44.7
765,20.0,9.4,0.302,0.307,29.1,5.7,28.4,75.784707597,92.380081553,20.1,42.6
246,27.6,4.9,0.22,0.245,30.1,4.3,28.8,71.765054815,92.668216543,23.2,47.7
578,16.3,10.4,0.349,0.356,34.1,7.1,35.1,77.176924783,93.774949153,20.6,44.3
757,18.0,11.4,0.316,0.337,31.4,6.8,38.8,78.019221192,94.329664942,23.6,44.2
661,15.9,7.0,0.36,0.331,29.6,5.8,40.6,80.097300643,94.081931308,19.3,46.3
842,23.2,6.1,0.3,0.304,34.2,6.5,32.0,76.182677621,92.899373483,23.3,49.1
525,16.2,11.6,0.349,0.331,33.6,5.3,35.7,79.09021973,93.510307425,17.5,41.0
196,20.9,10.7,0.285,0.328,38.6,7.6,39.4,78.586201231,94.199307,24.4,47.9
191,27.2,8.4,0.319,0.309,44.2,5.0,32.5,78.269397833,92.867144118,29.5,44.0
276,22.8,6.9,0.273,0.344,36.1,10.3,36.6,76.024619043,93.652096862,25.5,41.7
520,24.8,8.3,0.289,0.3,32.1,6.7,32.1,78.793357,93.212380354,24.5,43.5
803,23.9,9.3,0.318,0.293,28.7,4.5,36.9,76.302691128,93.565481809,28.7,49.3
759,19.6,5.3,0.314,0.316,33.1,6.2,37.9,78.778854255,93.819559787,23.2,50.4
546,17.6,8.2,0.34,0.327,34.8,4.3,33.8,75.321550918,93.09279867,17.8,44.3
218,21.1,9.2,0.264,0.293,30.7,6.7,38.0,77.790987162,93.961868503,17.2,44.0
704,12.2,9.1,0.304,0.33,32.3,3.9,32.3,75.696292841,93.277513974,14.9,44.7
532,17.3,5.8,0.359,0.343,38.5,7.8,39.0,78.812888571,94.094017679,22.1,47.1
634,21.1,10.3,0.32,0.31,28.2,4.6,31.3,74.956563147,93.148998223,26.3,48.1
723,22.5,3.3,0.263,0.281,32.5,4.7,30.8,75.101874845,93.046409264,24.7,49.7
548,19.9,7.7,0.36,0.361,34.6,11.9,40.6,79.984725648,94.63687557,21.4,44.8
506,19.4,7.1,0.326,0.308,36.1,3.0,31.0,77.69281142,92.927593182,18.8,48.2
815,26.0,6.4,0.255,0.272,29.2,6.8,37.1,76.924388075,93.913201664,26.3,49.2
833,34.8,4.4,0.259,0.237,31.1,6.2,32.7,78.75990849,93.215622592,31.6,51.2
809,18.5,7.8,0.336,0.312,28.9,6.1,32.8,78.727268997,93.193483692,24.5,48.9
627,16.4,8.0,0.36,0.332,37.6,9.3,33.3,77.053938069,92.948710987,23.2,48.6
605,19.0,11.2,0.353,0.343,29.5,7.6,42.2,78.709968488,94.604615941,21.8,44.5
509,21.8,9.0,0.334,0.327,31.4,7.8,41.0,79.161812105,94.57371783,23.6,45.4
694,29.1,11.1,0.282,0.304,31.5,6.8,40.6,77.901311034,94.284814148,29.7,45.2
701,20.4,5.3,0.313,0.322,33.7,8.5,41.6,78.898751797,94.364837227,22.6,47.5
190,16.8,8.4,0.351,0.359,35.5,7.8,38.3,77.831902899,94.159655145,18.9,41.3
714,23.5,7.6,0.328,0.303,32.5,4.5,35.0,79.012157074,93.430907969,23.5,46.3
573,24.6,7.3,0.321,0.302,33.0,6.8,38.2,77.260033579,93.949118786,25.0,46.4
816,17.6,9.6,0.329,0.342,30.2,7.8,38.4,79.682925276,94.09919715,22.0,44.4
764,21.6,6.8,0.344,0.337,37.1,7.4,34.7,78.141982472,93.604731689,21.0,45.7
791,25.0,4.6,0.269,0.292,32.4,7.2,43.1,79.516670909,94.359625491,29.7,49.7
778,14.8,8.0,0.34,0.331,34.2,4.5,35.7,76.519269522,93.25770971,15.6,40.5
567,18.5,10.2,0.35,0.365,37.0,9.1,42.6,78.869756548,94.663499746,23.3,44.9
580,21.9,9.7,0.316,0.312,34.9,6.4,34.7,78.384091047,93.359764724,26.3,49.0
573,20.8,6.5,0.326,0.321,34.0,9.0,36.7,79.438520545,93.811845112,22.5,48.2
237,18.6,8.9,0.311,0.315,32.9,7.1,40.6,78.523314588,94.685451538,19.7,45.5
194,20.1,7.7,0.398,0.381,38.3,10.5,38.3,79.77008791,93.515823835,28.1,47.8
238,23.5,9.7,0.33,0.32,30.4,8.9,34.2,78.665578571,93.665709221,27.1,45.1
644,26.1,9.3,0.321,0.327,37.2,6.2,41.4,79.273350299,94.457081521,27.1,48.8
785,18.3,10.1,0.332,0.353,33.0,9.3,39.3,79.385412198,94.190346703,19.8,46.2
182,25.3,7.7,0.285,0.302,31.1,10.7,39.3,80.9885495,94.62717625,31.7,49.6
199,26.1,3.5,0.336,0.314,31.6,8.8,39.7,80.262470152,94.391919924,28.1,53.3
637,19.6,11.3,0.337,0.318,29.1,5.0,32.3,78.801353803,93.088461174,21.4,42.0
503,25.4,5.6,0.305,0.31,36.4,8.8,44.6,79.708084675,94.684913828,27.1,50.9
225,23.6,8.9,0.319,0.304,30.5,4.6,35.8,75.814884054,93.566306824,27.6,46.8
841,29.8,6.7,0.265,0.267,29.8,6.1,33.8,77.367434479,93.302916673,30.5,47.7
231,21.2,8.2,0.312,0.323,32.7,8.8,42.1,79.335478,94.607972579,22.7,47.8
665,16.2,6.5,0.362,0.357,36.7,7.5,32.0,77.865378631,93.245935871,21.9,46.1
815,28.2,7.0,0.3,0.282,31.5,5.6,39.1,79.04423537,94.148958343,28.1,47.4
881,22.5,5.1,0.276,0.291,30.2,4.4,33.2,77.282585166,93.196412053,21.6,48.2
257,17.1,8.9,0.273,0.34,36.0,10.1,37.0,76.236570632,93.25365455,26.0,49.8
564,18.1,8.3,0.322,0.327,32.8,5.4,34.5,76.754112822,93.313721881,17.8,43.6
222,20.3,3.6,0.309,0.306,28.6,7.1,44.6,80.702390964,94.775818364,22.0,48.6
790,20.4,8.0,0.277,0.313,27.5,6.1,39.8,79.37410574,94.444513755,20.9,43.5
692,20.7,8.5,0.342,0.336,33.8,5.4,32.9,77.982692318,93.540747189,22.8,45.2
262,17.6,10.7,0.325,0.334,34.6,7.6,29.2,75.493130333,92.55774838,22.1,43.3
540,22.0,8.9,0.325,0.321,35.3,7.5,36.1,76.421901685,93.62207436,23.0,45.0
577,22.9,8.1,0.296,0.308,30.1,7.9,43.1,77.314907795,94.415751825,26.3,47.8
694,21.5,6.6,0.334,0.32,31.1,7.6,41.0,77.79197595,94.39970499,22.6,47.1
523,26.6,9.4,0.313,0.306,32.7,7.9,43.0,78.810645679,94.106073611,23.3,44.3
681,29.2,6.5,0.301,0.282,35.1,8.8,34.9,78.08731436,93.203429953,27.3,47.6
837,24.0,6.0,0.279,0.288,29.9,6.1,39.4,75.365831333,93.983632175,27.3,53.3
180,11.7,13.3,0.367,0.369,30.3,7.6,39.4,80.484229545,94.59019447,17.7,44.8
205,19.5,11.7,0.29,0.321,29.7,7.2,33.3,76.464163088,93.302320667,26.1,42.5
647,22.3,6.6,0.315,0.309,32.2,7.0,37.9,76.962361681,93.440164856,22.3,46.9
255,29.8,8.2,0.264,0.292,35.7,6.4,35.0,76.811349737,93.55656,31.3,49.6
821,27.0,5.8,0.256,0.289,33.7,7.6,39.2,78.703162612,93.996080634,26.0,50.1
809,20.9,8.0,0.349,0.338,36.3,7.6,38.3,77.750217553,94.030077252,24.7,48.7
227,15.9,7.9,0.332,0.364,33.3,7.0,46.2,79.301393095,94.878066607,19.3,44.5
237,27.0,3.8,0.277,0.269,32.5,9.2,37.4,77.629034198,93.900452981,25.5,52.2
526,31.4,13.3,0.312,0.309,36.4,8.7,41.6,79.482970426,94.496902057,32.0,43.0
775,29.3,6.5,0.265,0.29,30.6,7.1,40.9,77.914911777,94.447687867,31.3,52.4
646,22.8,8.4,0.339,0.329,36.2,7.6,41.3,78.589671843,94.550554573,27.3,46.4
163,17.2,6.1,0.408,0.35,38.7,7.3,43.5,79.702032581,94.926591774,19.6,51.3
599,25.0,5.7,0.303,0.288,30.6,5.1,37.9,79.700303756,93.83353198,27.0,49.4
809,21.5,8.7,0.286,0.283,24.7,3.8,30.5,76.668594502,92.848051624,22.7,47.1
817,39.9,5.9,0.246,0.237,33.2,5.9,35.5,76.678804977,93.320113158,37.2,49.9
646,20.3,5.7,0.325,0.333,33.1,7.0,43.4,78.162474979,94.959257569,21.7,44.9
701,18.7,9.4,0.354,0.351,31.3,9.0,36.5,79.393863443,94.36229232,22.6,45.3
581,17.4,8.1,0.319,0.337,33.9,8.1,38.7,79.324354233,94.108334569,21.9,44.9
831,19.7,4.7,0.304,0.308,33.2,4.2,32.9,76.514312824,93.19115396,19.1,50.0
656,19.4,8.7,0.289,0.281,27.8,3.0,26.7,76.786797339,92.51169695,25.1,44.7
739,23.5,9.2,0.31,0.317,32.5,6.7,35.7,76.800647833,93.572409186,24.0,44.6
600,23.3,4.7,0.301,0.313,35.4,7.3,37.4,79.732935764,93.936582759,25.5,52.6
206,27.7,2.9,0.241,0.285,31.7,9.9,33.1,77.482322571,93.131533786,29.8,52.8
295,20.3,6.1,0.357,0.343,32.3,6.5,44.2,80.567643519,94.923821302,23.6,50.4
731,31.3,7.7,0.294,0.298,32.6,7.4,37.5,77.989468148,93.709835568,29.8,48.3
717,21.1,6.3,0.304,0.304,34.9,4.6,37.4,79.230778048,93.879585269,19.8,45.8
722,21.9,7.1,0.34,0.342,37.1,8.4,37.3,78.472414874,93.904787242,20.8,45.9
903,28.1,6.3,0.272,0.274,29.8,7.5,32.9,77.434162902,93.214610402,26.7,50.2
613,20.2,6.4,0.315,0.319,38.0,7.5,38.5,78.472563241,93.804930325,21.5,49.0
788,30.2,6.3,0.32,0.297,33.0,9.0,35.3,79.49947113,93.602302531,31.1,49.8
266,13.5,8.6,0.356,0.352,28.8,7.8,42.0,79.626142277,94.068312723,16.8,43.1
849,23.1,6.5,0.315,0.317,34.0,7.6,34.4,74.046742743,93.325617774,21.7,46.5
808,23.5,5.9,0.303,0.311,33.8,7.0,35.7,78.511315127,93.854074499,20.5,47.1
701,20.3,5.8,0.272,0.305,32.4,5.1,37.5,76.8236949,93.829988028,22.5,48.8
781,26.1,5.8,0.286,0.311,36.6,9.1,38.3,76.730793307,94.151290078,23.7,47.0
676,22.0,8.9,0.325,0.327,38.7,7.4,37.0,77.236397904,93.623029103,24.4,44.4
230,23.5,2.2,0.292,0.295,33.5,9.0,33.5,77.748999518,93.742611265,22.7,54.5
212,22.2,8.5,0.312,0.309,27.9,6.1,40.1,77.995838767,94.65098589,24.2,49.2
826,22.5,7.1,0.304,0.31,36.0,8.3,35.3,75.819874626,93.662809412,21.9,47.3
815,16.7,2.9,0.316,0.314,34.1,5.4,34.7,79.319844363,93.303190654,14.4,48.6
635,25.0,5.5,0.307,0.305,31.8,7.1,38.1,78.301194977,93.874537271,29.4,50.4
691,20.3,8.0,0.329,0.329,32.3,5.8,41.2,78.836638299,94.169367089,25.3,47.8
866,34.6,5.9,0.252,0.248,33.8,6.6,31.7,75.860880685,92.647810141,33.0,52.4
776,21.4,8.2,0.313,0.314,34.8,5.4,33.1,76.004916579,92.951654049,23.3,46.1
185,18.9,8.6,0.312,0.33,32.6,9.8,42.4,78.123770455,94.362620534,29.6,47.9
654,16.5,4.9,0.287,0.329,31.6,7.9,39.7,79.547834132,94.008319048,20.0,51.2
621,24.2,5.6,0.3,0.309,33.2,8.2,40.9,78.537617019,94.198156795,22.9,44.3
193,24.4,4.7,0.321,0.304,33.6,6.0,29.9,71.276990909,92.997012576,28.2,49.9
650,22.8,10.2,0.356,0.343,38.5,7.3,38.3,76.595665118,93.759440071,26.6,44.0
771,25.6,4.8,0.259,0.291,31.2,8.8,37.1,77.848459808,93.614823873,25.1,49.7
850,27.4,7.9,0.304,0.302,29.7,8.4,40.5,80.17965382,94.340095524,29.6,45.5
609,19.9,8.9,0.34,0.331,37.4,6.3,35.0,77.08313654,93.458152796,22.2,46.6
614,17.6,10.3,0.369,0.351,30.8,6.4,38.6,78.133013649,93.932480665,24.4,45.5
612,23.0,7.7,0.299,0.302,32.6,4.9,31.7,77.619143417,93.042677128,20.9,46.7
800,17.1,9.6,0.323,0.323,29.1,5.7,37.1,79.895137143,93.912067321,18.0,44.4
244,27.0,9.8,0.289,0.263,27.7,4.1,32.4,76.412044384,93.148283103,29.1,50.9
584,27.6,10.8,0.304,0.307,32.4,7.8,44.1,81.658556591,94.842019148,25.6,47.0
220,18.6,10.5,0.417,0.383,36.4,13.0,42.9,78.045116316,94.365690395,26.6,44.3
724,21.8,5.0,0.291,0.31,34.1,7.1,37.5,77.803436381,93.693936452,27.4,50.6
801,26.8,5.6,0.282,0.288,31.6,7.4,30.9,76.531302652,93.147849508,28.9,46.2
640,17.3,6.3,0.325,0.309,32.2,5.2,31.1,78.908348884,92.955678559,19.3,47.0
590,22.7,8.8,0.327,0.312,35.8,5.3,31.0,74.522581451,92.655854286,23.3,44.9
790,18.7,8.5,0.354,0.361,36.4,9.0,40.3,79.060694549,94.293487491,19.5,48.0
541,15.0,6.7,0.362,0.367,34.5,10.0,43.1,79.497765362,94.447427821,18.0,46.2
583,21.4,8.1,0.273,0.287,23.7,5.1,32.8,72.74616596,93.177216212,26.9,45.3
827,23.5,8.1,0.272,0.284,24.0,5.8,41.6,78.817299816,94.706992647,25.6,47.0
875,28.1,6.7,0.294,0.283,34.0,5.9,33.8,77.48156893,93.230290407,28.5,49.0
556,23.2,6.1,0.326,0.313,32.3,7.5,37.6,78.882235217,93.890329103,23.2,46.2
526,20.7,7.0,0.325,0.313,31.6,8.2,34.0,77.422953459,93.666610461,22.0,47.4
693,35.1,4.8,0.269,0.253,35.2,6.6,35.5,76.796564853,93.26843887,33.8,52.5
576,20.5,9.2,0.338,0.337,33.8,6.3,34.6,78.841327385,93.661571564,21.7,44.6
535,32.0,9.5,0.282,0.279,39.2,7.4,39.5,80.401602903,94.174611489,32.8,47.9
772,19.9,5.8,0.304,0.323,37.4,6.9,28.4,77.188686877,93.001822156,23.9,48.0
860,25.1,9.4,0.335,0.308,31.2,5.6,37.7,79.058752444,93.754663803,28.5,45.8
777,20.3,7.3,0.318,0.345,33.2,9.5,40.0,79.658110873,94.334380656,22.3,47.2
668,21.4,4.5,0.31,0.323,35.0,7.0,35.0,76.84727645,93.427076529,26.8,51.8
232,20.7,8.6,0.285,0.312,29.8,3.7,46.6,80.59685575,94.837836875,19.6,44.0
837,21.6,6.0,0.297,0.293,33.1,4.5,34.2,78.012765118,93.183909207,18.6,45.8
693,34.1,5.2,0.248,0.263,33.6,8.0,34.3,76.620696404,93.694755975,34.1,50.6
653,15.9,8.4,0.352,0.339,32.7,6.1,33.5,78.176597273,93.341247867,22.6,45.3
612,35.6,6.0,0.294,0.284,34.9,8.1,36.3,78.006804211,93.662111789,31.8,47.4
728,28.2,8.7,0.32,0.314,38.0,9.5,42.1,78.111657215,94.430490297,29.2,45.6
763,36.8,7.6,0.279,0.273,40.2,8.2,36.1,77.7258957,93.784333768,38.6,53.0
790,30.4,7.2,0.27,0.274,34.3,5.0,32.8,75.623727833,93.081770919,29.6,47.4
588,17.3,9.0,0.328,0.329,31.1,4.5,32.5,78.80855702,93.437062374,19.9,47.6
615,27.2,7.3,0.273,0.284,33.8,6.9,37.6,78.443293679,94.004473005,27.8,49.4
734,19.8,11.4,0.324,0.347,38.9,8.0,35.5,77.669041592,93.589989469,22.5,45.5
547,23.6,5.7,0.299,0.276,26.4,4.5,36.1,78.236945714,93.644488956,22.3,47.3
565,16.8,5.5,0.312,0.325,37.7,7.8,34.0,75.988664419,93.163365268,20.1,49.9
655,18.6,9.9,0.316,0.345,31.7,5.9,34.3,78.843843209,93.634039674,22.3,46.6
198,19.2,15.7,0.319,0.373,34.6,11.0,44.9,83.598973651,95.01771632,22.1,41.2
713,18.0,6.9,0.383,0.381,40.1,11.0,45.0,80.234807519,95.073503499,20.7,47.4
551,16.2,6.7,0.348,0.33,34.6,6.2,30.1,76.904223448,92.641790025,18.3,47.1
622,17.5,8.2,0.344,0.335,32.6,5.7,34.8,79.470706802,93.45153298,19.9,49.0
603,27.5,5.1,0.279,0.26,32.5,5.0,28.0,75.656511173,92.37269798,27.7,48.1
661,26.5,9.8,0.316,0.301,33.4,8.2,40.4,79.550170728,94.069247816,24.6,48.1
705,32.3,8.1,0.275,0.283,37.3,9.4,34.6,76.977268551,93.678942663,32.4,49.6
584,21.4,5.3,0.27,0.29,31.2,6.6,39.2,78.483580239,93.893972392,25.3,52.9
696,23.0,11.6,0.3,0.297,32.2,4.2,31.9,77.496915089,92.890019016,24.7,44.6
797,25.3,7.7,0.292,0.295,28.8,6.0,34.4,75.742294549,93.411849076,25.6,47.9
710,24.2,5.6,0.305,0.315,37.2,7.1,36.4,78.569691213,93.540558954,24.7,48.2
668,19.8,6.7,0.334,0.314,28.0,7.0,44.3,78.007244174,94.760085031,24.4,48.4
189,18.0,7.9,0.335,0.332,35.7,7.9,33.6,78.650456143,93.762085899,19.9,46.8
271,25.1,9.6,0.307,0.322,33.3,6.3,39.7,77.429804186,94.264088947,27.3,45.9
661,23.8,8.9,0.31,0.311,35.8,8.0,38.0,78.142811567,93.894195219,24.2,46.6
665,21.1,7.7,0.313,0.289,32.2,5.2,26.6,73.359951878,92.250301965,24.7,47.9
546,21.4,7.5,0.342,0.342,36.1,10.1,39.0,77.570068449,94.218153797,24.9,49.9
677,13.9,6.2,0.36,0.361,35.0,8.7,43.5,79.780080451,94.648559793,17.1,51.0
682,15.8,8.8,0.334,0.349,28.8,6.2,40.5,80.531561296,94.604080507,19.0,46.3
558,19.7,8.2,0.327,0.333,34.5,6.5,38.2,78.799666907,94.123362506,23.2,50.2
617,26.4,8.1,0.301,0.294,32.6,4.6,29.8,73.588319689,92.67287439,25.9,44.8
534,34.6,6.7,0.247,0.254,29.9,6.6,36.2,78.535401267,94.0230923,33.2,50.5
555,23.6,5.4,0.315,0.31,33.8,7.1,39.8,77.688850423,93.934838439,25.0,48.1
701,18.0,7.8,0.287,0.309,34.3,5.8,31.0,76.001327849,92.883373832,18.7,47.2
681,14.5,9.5,0.366,0.358,36.4,7.2,35.8,79.270260472,93.70698626,17.2,43.6
757,16.5,4.0,0.323,0.327,29.7,6.2,36.8,78.379602063,93.866092434,15.9,47.9
763,20.3,7.7,0.298,0.317,35.4,5.2,34.3,76.907047099,93.018461584,23.1,48.5
260,15.8,9.6,0.325,0.334,39.5,5.8,31.1,76.293347204,92.692784355,24.5,45.7
600,20.3,8.7,0.352,0.345,33.7,8.8,47.7,80.584255481,95.400197788,25.4,49.9
740,16.2,8.6,0.331,0.326,30.1,5.1,32.3,80.548342156,93.455534469,18.3,45.8
684,14.6,8.0,0.337,0.341,34.4,6.7,35.9,78.218753527,93.29712099,15.2,47.6
233,23.6,3.9,0.309,0.29,37.1,6.6,34.1,78.279451098,93.450782988,24.3,53.6
827,22.7,9.6,0.281,0.295,29.5,4.9,27.9,75.115433494,92.514745688,22.1,42.3
603,23.2,7.3,0.309,0.304,33.9,8.2,40.4,78.104083561,94.067212738,26.4,50.8
805,23.4,8.1,0.325,0.332,34.4,7.5,35.9,77.926503042,93.724410552,26.9,47.8
568,17.6,6.7,0.324,0.351,37.6,9.6,41.5,78.809965782,94.240411663,22.0,51.5
575,27.0,8.7,0.3,0.279,31.6,4.7,32.1,74.857227022,93.192723315,26.1,43.0
312,22.1,5.1,0.339,0.322,36.6,6.7,33.5,75.989788288,93.101253964,24.9,45.5
514,23.3,10.7,0.379,0.361,35.9,9.8,38.6,78.162024251,94.082304461,25.9,44.5
503,25.0,8.5,0.303,0.291,31.9,7.5,38.3,78.299761636,93.700623708,26.8,45.3
586,22.4,9.0,0.338,0.326,32.7,5.6,37.6,77.036143333,94.101839871,25.1,43.7
700,31.6,9.1,0.246,0.274,33.1,7.2,32.7,76.84673561,93.090740098,34.6,45.4
634,19.2,9.8,0.309,0.324,36.8,6.1,35.2,78.26739968,93.252466142,21.3,42.9
184,26.6,4.9,0.294,0.291,42.4,9.6,38.4,77.950794921,93.83923344,24.2,51.1
721,25.9,9.4,0.294,0.313,35.1,7.8,41.8,78.631396856,94.559456681,27.0,49.1
547,27.4,7.5,0.297,0.304,33.0,7.8,36.2,78.503322647,93.652919263,24.6,47.1
736,22.3,7.9,0.323,0.296,35.8,5.7,31.4,77.142577937,93.073733618,25.2,49.1
754,24.9,4.9,0.266,0.253,29.6,3.4,30.4,78.42124908,92.6701357,26.4,48.5
198,18.7,6.1,0.326,0.345,39.9,10.8,39.2,77.350741233,94.181606138,17.9,50.5
806,14.1,5.8,0.351,0.352,34.6,7.2,38.4,77.427465176,94.102419968,18.4,48.9
769,19.0,7.3,0.354,0.351,35.5,9.1,41.6,79.618644051,94.390029088,23.5,48.2
558,13.8,8.2,0.346,0.358,35.1,5.5,35.5,78.560786262,93.593311942,17.3,44.7
534,16.1,7.3,0.315,0.325,31.1,3.7,38.7,76.841001327,93.572425064,21.3,46.4
196,21.4,7.7,0.284,0.279,26.3,5.1,34.3,78.233579118,93.142280296,22.5,48.0
280,29.3,9.6,0.292,0.3,35.5,8.3,34.9,76.917276386,93.634904277,32.6,48.8
739,22.6,5.8,0.296,0.294,31.5,3.5,29.2,78.196721633,92.92299988,20.3,43.8
199,14.6,6.5,0.274,0.353,34.4,10.2,43.9,79.236384744,94.523202,21.0,48.8
678,20.6,7.2,0.329,0.331,33.3,8.3,37.5,79.019139333,93.794312004,23.6,48.1
517,16.8,6.6,0.343,0.333,33.2,4.9,39.3,77.083020524,93.926398766,18.3,46.0
621,28.0,7.2,0.298,0.281,32.2,8.5,36.9,77.751416869,93.790833646,28.6,51.0
741,16.9,5.4,0.311,0.317,33.9,6.3,38.1,79.435135442,94.030639187,19.2,49.8
748,14.4,6.8,0.345,0.345,35.5,7.0,37.0,81.243384179,93.787132571,16.9,48.1
739,21.4,9.2,0.319,0.321,33.7,6.1,37.6,79.719928826,93.737849168,20.6,42.8
245,28.6,6.1,0.325,0.283,27.0,7.5,32.7,76.259577436,93.336786452,24.0,48.4
781,20.2,10.6,0.319,0.329,32.2,7.6,40.2,77.184773602,94.173687869,26.0,46.5
866,20.3,5.3,0.294,0.3,31.9,4.9,31.8,75.641304415,92.894103702,21.8,49.9
587,19.1,10.2,0.361,0.359,33.8,7.8,40.7,81.433778154,94.46057162,18.4,42.9
812,19.8,5.4,0.295,0.3,32.6,5.7,30.8,74.975273162,92.907246598,21.7,44.7
624,27.1,8.2,0.274,0.274,35.5,5.5,28.7,75.76472264,92.259687538,32.1,48.9
517,21.3,7.4,0.313,0.323,34.5,7.7,43.3,79.914554222,94.82878625,24.0,47.9
669,22.3,6.1,0.321,0.32,35.0,9.3,35.9,77.666560598,93.731220726,24.3,48.7
709,22.4,7.2,0.305,0.287,34.4,6.1,32.3,77.335605187,92.730585239,23.4,46.5
563,17.9,6.4,0.382,0.372,33.8,10.1,47.2,80.856703527,94.946906416,21.3,49.5
264,23.9,5.7,0.278,0.272,30.3,6.5,42.7,80.483095495,94.491785989,25.0,51.2
156,24.4,13.5,0.278,0.331,32.3,7.5,40.9,76.816313617,94.414463978,30.0,43.0
590,16.1,8.6,0.315,0.33,35.7,9.0,40.0,78.17888445,94.165946851,21.7,48.8
754,25.7,5.4,0.31,0.312,34.5,8.0,41.2,79.634341937,94.771894139,27.1,51.5
804,18.0,6.0,0.329,0.345,35.5,7.1,33.9,77.770795017,93.393397793,21.5,48.0
858,25.3,8.3,0.299,0.284,30.5,4.8,33.3,75.664595818,93.155882382,24.4,46.8
768,17.2,4.9,0.315,0.312,33.4,6.4,33.7,78.460799683,93.023868765,15.4,45.1
572,21.9,10.1,0.288,0.301,21.4,5.8,44.4,80.442401862,94.90935976,26.0,42.4
670,21.8,9.3,0.354,0.34,33.0,8.0,32.8,74.963662308,93.080269546,21.3,46.2
801,29.2,6.0,0.294,0.269,32.4,6.3,34.8,75.934517778,93.235848194,30.3,51.7
604,23.2,6.0,0.306,0.323,34.6,9.6,44.2,80.522905755,94.837821229,21.8,46.3
776,28.1,9.1,0.332,0.317,32.2,6.9,39.3,79.578419784,94.224562138,26.6,46.6
554,16.8,7.8,0.365,0.345,34.9,6.7,35.9,78.8768112,93.881343058,21.0,44.5
608,22.9,4.4,0.287,0.31,30.6,7.7,36.7,78.997446244,93.878150729,24.5,49.4
754,21.5,11.0,0.31,0.327,31.2,6.9,35.4,78.882257325,93.652615134,22.2,45.3
773,26.5,9.1,0.282,0.291,33.7,4.3,28.2,74.971629958,92.380109645,32.9,44.9
614,24.6,6.2,0.266,0.28,30.8,5.0,28.0,74.097770922,92.506155218,25.9,48.7
740,24.9,5.7,0.292,0.282,34.7,6.0,32.5,74.717480366,93.048084318,25.5,46.5
186,17.7,10.2,0.403,0.39,41.1,8.5,48.8,82.281355556,95.94021792,20.4,42.2
190,15.8,6.8,0.383,0.409,37.6,14.9,40.4,78.889719296,94.348475532,17.4,49.4
660,33.2,6.7,0.255,0.256,32.0,6.3,33.2,76.028692589,93.179293104,33.0,49.0
698,21.8,7.3,0.308,0.321,34.2,7.8,36.5,78.080485208,93.825075741,25.3,49.1
808,18.1,3.6,0.271,0.286,31.5,5.1,29.4,76.173718553,92.670905865,20.2,52.5
222,22.1,9.9,0.336,0.349,35.6,8.1,36.2,74.927539315,93.665279658,24.6,44.8
792,20.5,9.2,0.307,0.324,35.7,7.5,35.0,78.939690712,93.516067978,23.2,47.4
774,19.0,10.7,0.33,0.333,36.4,6.7,33.4,77.202523385,93.205661946,23.2,44.4
598,16.7,5.7,0.314,0.325,32.2,9.4,43.4,80.35574652,94.850298013,23.1,51.0
700,21.4,6.6,0.295,0.314,33.1,6.2,33.9,78.238788099,93.388143017,23.2,48.9
828,21.0,6.0,0.273,0.302,34.3,6.2,35.6,77.656330068,93.426713667,19.7,43.8
776,20.9,9.1,0.313,0.312,32.6,7.9,35.8,78.859518053,93.615714264,21.4,44.1
738,23.6,7.2,0.288,0.306,31.1,6.8,41.1,77.914176275,94.364285538,26.3,48.8
678,29.8,4.4,0.258,0.263,30.5,6.3,27.1,74.004493868,92.361550426,29.8,51.7
698,20.5,11.5,0.332,0.342,35.0,9.4,36.7,75.912309009,93.710812694,26.1,46.4
874,17.5,6.6,0.305,0.293,29.0,4.5,33.0,76.207144634,93.215602668,19.7,45.3
200,13.5,6.5,0.313,0.312,26.6,5.2,40.9,75.1416852,94.450353356,20.4,47.9
566,16.8,6.2,0.298,0.309,32.6,4.0,30.9,77.57521184,92.837656454,18.2,48.6
746,18.9,8.6,0.32,0.321,29.4,4.9,36.6,77.84712888,93.609834208,22.5,41.6
608,15.3,8.1,0.335,0.338,33.1,7.6,37.2,78.339075442,93.950532389,17.2,45.3
651,21.2,7.8,0.321,0.312,32.4,5.9,39.4,79.717407511,94.107362711,19.8,47.8
553,26.4,8.1,0.298,0.299,37.7,6.7,33.0,77.794729774,93.137512663,26.2,47.5
703,26.5,9.2,0.286,0.279,28.4,7.3,34.4,77.782632719,93.231277581,25.5,46.2
707,23.1,7.8,0.306,0.305,31.3,5.6,33.3,76.739003445,93.043328674,21.1,44.1
507,18.7,5.7,0.369,0.354,37.2,7.1,39.3,78.927744595,94.376183081,23.9,48.4
810,23.1,3.7,0.263,0.281,34.1,6.3,33.3,77.091723759,92.997307621,24.1,46.7
196,21.9,11.2,0.292,0.314,29.1,8.7,44.1,78.168283906,94.933530079,24.7,45.8
700,23.1,8.3,0.329,0.309,31.9,5.9,31.9,78.252138085,93.062501128,28.1,49.0
792,19.3,5.2,0.325,0.304,30.2,5.9,31.9,76.509021965,93.006459332,19.0,51.1
787,26.9,5.0,0.277,0.277,35.1,5.1,36.4,75.393585916,93.267420573,28.6,51.3
189,31.2,5.3,0.281,0.287,37.3,7.6,33.9,80.224150339,93.838963761,28.9,47.8
592,20.9,8.4,0.32,0.32,31.5,6.3,32.9,76.388470622,93.149145896,23.4,49.8
194,24.2,10.3,0.299,0.282,29.1,3.9,36.2,79.08295125,94.18261,29.7,46.5
754,24.3,7.3,0.27,0.296,32.9,6.9,39.2,78.435195138,94.126464752,26.0,47.7
156,24.4,7.7,0.326,0.317,40.6,9.4,45.3,83.078459231,94.877554519,22.1,46.3
599,17.5,10.7,0.297,0.312,28.1,5.0,36.0,75.186798293,93.596799317,18.4,44.4
520,19.6,6.9,0.354,0.343,33.9,9.2,36.8,80.214987473,93.86073168,22.8,48.6
502,15.3,7.6,0.333,0.351,32.5,5.8,38.2,79.265555405,93.975080976,18.4,44.7
799,18.9,9.4,0.31,0.335,37.5,7.3,36.1,77.951526929,93.421050446,21.3,47.4
220,27.7,5.0,0.283,0.3,36.1,9.5,44.9,76.761600822,95.086239247,28.1,48.8
831,17.7,7.7,0.323,0.311,33.8,4.5,31.5,76.891431457,93.016582255,20.9,43.3
344,25.9,7.3,0.287,0.279,34.4,5.4,37.5,77.997525495,93.735972793,25.4,49.5
214,18.7,8.4,0.326,0.333,28.4,7.1,45.8,80.759488961,94.989345584,22.1,49.5
225,19.6,8.0,0.385,0.356,36.5,9.4,43.4,78.26105443,94.458397975,22.0,47.7
535,23.2,9.9,0.293,0.317,29.4,9.5,38.7,76.277428889,94.247479971,28.5,46.1
651,15.7,5.1,0.31,0.311,33.7,7.3,35.9,76.293622421,93.65877503,17.6,49.8
865,20.3,8.8,0.293,0.294,27.3,4.9,31.6,76.569052939,93.016402889,25.8,46.1
251,27.1,17.9,0.39,0.379,38.0,13.1,46.0,81.886657353,95.147485294,32.9,40.9
684,18.3,8.6,0.344,0.352,34.0,8.4,38.5,79.751502678,94.188946987,19.6,45.0
655,20.0,9.3,0.338,0.359,35.4,10.9,35.8,79.636653067,93.946074244,22.3,45.7
344,21.2,7.3,0.292,0.315,32.9,4.9,40.2,77.797894754,94.009115432,26.3,49.0
758,22.3,9.1,0.312,0.303,28.9,4.8,34.1,77.611293427,93.365742762,23.1,44.9
517,18.8,8.1,0.323,0.306,29.3,5.3,31.2,74.145341622,93.162608753,19.2,46.4
669,17.5,10.5,0.316,0.311,28.1,4.0,35.2,76.699599181,93.318093815,19.0,45.2
761,23.7,8.4,0.308,0.303,34.6,5.9,29.4,78.263366612,92.831843043,21.7,48.0
726,18.9,6.9,0.343,0.304,29.1,4.1,31.1,77.839901853,92.926783733,21.4,46.2
537,22.2,8.9,0.326,0.323,34.2,7.6,39.1,77.882028571,94.245612837,24.0,47.7
596,13.1,10.2,0.326,0.343,31.7,6.0,40.4,77.569535561,94.410242899,17.6,44.0
748,16.0,6.0,0.34,0.34,34.6,9.9,35.5,78.646858035,93.749665333,20.1,48.1
673,19.2,9.5,0.324,0.325,31.9,5.4,36.8,75.305531144,93.646062945,25.7,46.4
603,14.4,7.1,0.368,0.362,31.3,8.9,44.3,79.777446652,94.9510922,19.0,47.5
630,25.6,9.4,0.325,0.296,32.3,5.2,34.8,79.620469175,93.751432268,26.7,46.9
733,23.2,4.4,0.255,0.264,29.4,4.0,32.1,74.476912412,92.996220039,25.9,49.7
575,20.7,9.0,0.285,0.318,30.7,5.0,41.4,79.8502842,94.625671429,22.3,45.1
782,23.5,6.6,0.302,0.326,39.1,8.6,35.8,77.334530262,93.583561201,25.4,46.5
851,36.2,5.1,0.26,0.252,35.8,6.1,30.5,75.977415802,92.794633025,31.7,50.1
564,18.6,9.4,0.352,0.321,31.6,6.0,30.9,75.312197766,93.056835878,21.9,47.5
528,38.3,8.5,0.235,0.242,32.7,6.1,36.0,77.317558633,93.436230072,34.9,50.0
570,21.6,7.0,0.291,0.303,32.6,4.4,29.3,72.804727665,92.625822468,20.9,42.8
902,31.5,6.2,0.267,0.259,30.8,6.1,29.5,76.600744771,92.906856711,32.2,51.8
748,24.1,7.1,0.28,0.316,32.6,5.9,38.1,79.577643008,94.146629301,25.2,49.0
659,23.7,4.4,0.307,0.328,32.2,7.8,45.1,78.937398913,95.013758957,25.3,47.2
248,12.9,8.5,0.405,0.392,38.5,8.7,49.2,80.182751368,95.504529526,19.1,48.3
661,22.7,8.3,0.313,0.323,37.0,8.9,34.8,77.366844465,93.717793953,23.1,46.1
189,13.2,13.8,0.374,0.406,35.3,7.5,45.1,81.435037164,94.716761128,24.9,42.4
750,15.5,6.1,0.316,0.293,24.9,4.1,32.9,78.461492226,93.051265707,17.3,46.0
512,25.8,7.8,0.305,0.291,30.4,4.6,32.8,76.356466832,93.298067196,28.0,45.6
234,26.1,7.3,0.289,0.324,36.6,8.5,41.2,79.364734342,94.186996447,24.5,43.9
853,16.3,8.9,0.343,0.347,32.2,6.3,35.5,78.467344645,93.710160517,19.8,45.8
637,21.2,6.3,0.288,0.29,31.3,4.6,33.7,78.206662018,93.125418094,23.7,49.0
224,22.3,8.5,0.276,0.263,28.5,3.3,23.8,70.900345342,91.972286027,25.5,47.6
826,21.7,9.6,0.306,0.319,30.9,5.7,36.4,76.675027942,93.491631935,26.7,45.2
612,19.3,6.7,0.308,0.338,33.0,10.0,40.0,77.920382182,94.371120888,22.6,45.8
541,21.4,8.3,0.336,0.328,36.2,6.9,31.6,76.812247104,93.150547842,25.7,44.8
768,16.1,7.3,0.344,0.312,32.0,5.1,30.4,76.769793345,92.916730432,19.9,48.1
245,23.7,4.9,0.342,0.345,34.7,11.0,47.4,80.480246786,95.307474226,25.9,47.7
210,24.8,10.0,0.305,0.312,33.3,8.3,34.1,75.431887424,93.676361667,24.9,48.7
582,25.9,9.8,0.339,0.347,35.1,12.1,43.7,78.41922712,94.967012446,27.9,48.5
732,17.5,8.6,0.309,0.329,32.0,6.0,41.0,79.502454545,94.398947273,23.5,46.3
663,19.8,5.6,0.334,0.319,32.3,8.0,40.0,79.755514748,94.483225399,20.5,49.0
691,22.1,7.5,0.325,0.326,31.9,8.6,38.6,77.844797149,94.108907228,22.8,46.6
527,25.6,6.8,0.29,0.28,30.5,7.7,35.3,76.355210455,93.712169573,26.8,52.4
207,23.7,8.7,0.295,0.363,35.7,12.9,39.3,77.048682,94.02605741,23.9,44.1
899,30.7,3.8,0.259,0.253,33.2,5.8,29.8,76.531769821,92.79660595,30.7,55.2
829,20.1,6.5,0.303,0.307,31.1,6.1,35.1,78.57450771,93.55389312,20.5,48.6
594,20.9,6.2,0.306,0.321,31.0,6.8,38.9,79.451843578,94.386920025,24.9,52.1
181,19.3,7.7,0.25,0.293,32.6,5.3,42.4,78.979800152,94.079999091,19.9,44.7
807,29.1,3.6,0.264,0.259,34.3,7.1,31.6,77.465376008,93.044162015,27.9,49.5
549,20.0,7.3,0.312,0.312,34.9,7.2,35.9,77.254600722,93.563543824,23.2,49.1
847,35.4,5.0,0.243,0.248,30.1,7.2,33.3,76.535831441,93.055670637,33.6,51.9
509,21.0,9.0,0.353,0.353,38.1,8.6,38.7,78.867624497,93.952152908,22.8,44.2
237,25.3,9.7,0.346,0.33,37.9,7.8,35.3,77.745635733,93.294562867,28.6,45.1
292,30.5,8.2,0.29,0.266,28.7,4.5,37.1,72.160531236,93.916524915,32.7,51.0
504,15.7,8.9,0.336,0.328,33.0,4.7,31.7,75.53747235,92.957984658,18.1,48.1
220,18.2,8.2,0.373,0.384,37.9,10.6,39.1,82.255938333,94.656446,18.8,43.1
205,23.4,8.3,0.328,0.321,35.0,8.0,32.8,75.022040147,93.611878444,27.2,45.6
502,24.5,8.2,0.314,0.324,37.5,9.3,42.3,79.698083497,94.616206074,27.2,45.7
721,24.3,4.9,0.311,0.327,34.2,7.9,43.1,81.405430484,94.806133152,26.5,49.5
763,31.1,7.2,0.292,0.303,36.9,9.9,43.3,77.897586061,94.803198308,28.9,49.3
778,26.6,7.3,0.29,0.307,34.4,8.7,42.3,77.996835422,94.578879859,29.6,50.5
880,24.4,7.0,0.294,0.288,30.7,4.4,33.4,77.063607526,93.214380941,28.1,50.6
847,19.0,7.0,0.335,0.329,37.5,5.9,30.2,76.527704073,92.663444238,19.8,44.1
605,18.2,8.8,0.35,0.333,34.4,5.9,30.3,74.904261925,93.145388075,22.6,48.6
849,25.8,8.5,0.285,0.315,37.4,7.2,35.6,76.196477055,93.56629623,23.6,49.3
640,30.3,5.8,0.248,0.261,31.6,6.4,32.6,76.838288308,93.270402693,34.3,49.5
239,23.8,7.5,0.269,0.288,37.7,6.2,31.5,77.633548228,92.703058917,25.8,51.6
907,25.7,5.0,0.282,0.294,33.5,5.7,33.3,78.974299831,93.259390777,24.6,49.3
762,20.1,7.6,0.294,0.301,28.8,4.8,33.4,76.822700873,93.257654841,21.3,50.8
229,18.8,6.6,0.3,0.266,30.6,6.5,31.2,78.237133373,92.954382952,19.1,47.0
653,17.9,4.1,0.325,0.322,37.6,7.8,28.2,72.605645569,92.517574959,21.1,48.8
221,28.1,3.6,0.251,0.271,29.3,8.0,34.0,76.446133784,93.625258243,27.6,49.8
513,26.9,8.8,0.33,0.285,30.3,5.0,31.6,78.249718514,93.410485101,24.2,46.7
728,27.3,6.6,0.301,0.285,32.0,4.0,31.4,73.969938326,92.957324581,25.2,48.7
794,25.7,9.2,0.339,0.329,33.3,11.0,41.6,77.97955087,94.420691621,28.8,46.8
714,26.9,6.6,0.25,0.278,33.0,7.8,36.1,76.866627074,93.452634902,23.0,47.4
660,19.5,8.8,0.359,0.36,37.3,10.1,39.9,78.850617598,94.135267838,19.3,45.4
662,19.5,8.8,0.314,0.302,27.9,6.8,34.9,75.98613931,93.554240323,21.3,45.5
672,29.3,5.1,0.316,0.291,34.0,8.7,41.6,79.798987488,94.412337442,26.8,55.1
529,18.0,6.4,0.347,0.329,35.7,8.5,35.9,77.125217041,93.700422959,21.9,49.0
768,18.6,5.9,0.338,0.334,34.9,9.6,37.7,77.472255684,93.752973902,17.9,49.4
582,15.8,6.7,0.368,0.365,36.8,8.3,39.5,79.116028597,94.115768912,20.6,49.1
714,12.0,6.3,0.339,0.347,33.1,4.6,37.1,77.623296223,93.637482703,13.9,45.4
583,16.5,8.6,0.29,0.301,28.0,4.6,31.6,77.967599395,93.122944149,21.2,45.9
725,16.3,2.8,0.327,0.332,35.4,7.2,32.2,77.349528786,93.261151109,16.8,48.4
656,21.6,8.2,0.317,0.325,35.5,6.4,39.5,78.991165586,94.126791486,26.3,50.8
715,19.6,9.2,0.317,0.33,34.7,7.8,35.3,79.233002249,93.500010463,21.8,45.7
820,14.3,8.3,0.348,0.352,30.9,6.1,39.1,79.565210507,94.153379882,18.6,46.8
835,15.2,3.2,0.341,0.355,31.4,8.8,42.9,80.453543825,94.685339864,18.0,50.4
724,18.1,7.6,0.276,0.288,31.0,5.3,30.8,78.214969847,92.751640515,21.8,49.6
855,12.0,8.9,0.323,0.354,31.5,6.0,37.4,79.463669018,93.982063149,18.1,48.1
646,26.0,9.3,0.315,0.323,35.2,10.9,35.9,78.086403184,93.67771197,27.7,49.7
555,20.7,8.3,0.323,0.341,33.4,7.5,37.8,78.943805156,93.940234204,24.1,47.6
577,17.0,10.2,0.322,0.331,34.2,8.0,36.4,77.851013366,93.618519098,21.2,47.8
689,24.1,6.0,0.263,0.262,29.6,6.7,30.4,75.838974487,92.831563148,23.7,51.8
537,18.2,8.8,0.315,0.327,34.0,7.3,33.2,79.214828281,93.228754935,24.3,45.9
695,13.8,6.8,0.338,0.351,35.3,6.4,34.7,76.992957681,93.326679048,18.1,48.0
542,24.5,4.1,0.302,0.284,31.4,8.9,38.7,78.655938191,94.146828112,21.2,52.6
770,16.6,6.1,0.305,0.321,33.3,7.5,35.7,76.145610174,93.608907247,18.5,48.7
744,29.3,5.8,0.277,0.259,31.8,3.5,31.8,76.807153632,93.207222073,30.3,50.4
672,20.2,7.1,0.317,0.317,32.3,5.3,34.2,78.004804043,93.549511198,21.9,43.9
702,18.9,7.0,0.346,0.339,34.8,7.8,48.6,80.379261107,95.275444743,22.7,45.6
232,19.0,3.9,0.294,0.344,35.8,10.2,45.5,81.139638488,95.326901802,21.4,48.1
743,27.2,9.2,0.265,0.274,30.8,6.9,34.5,78.613296983,93.337673211,25.1,44.0
209,16.3,8.1,0.302,0.332,34.2,6.3,31.6,74.964770128,92.996637436,24.4,50.8
678,20.2,9.3,0.329,0.334,32.8,9.5,34.0,77.100015216,93.380146228,25.8,47.7
604,23.7,6.0,0.298,0.309,32.0,6.4,31.8,77.902324949,93.517242374,24.7,49.1
712,24.4,7.2,0.347,0.327,35.6,8.3,39.8,79.265289476,94.03931779,24.9,46.9
215,16.3,7.9,0.236,0.322,32.9,3.7,39.1,79.168217342,93.762296646,19.3,46.6
590,22.7,4.4,0.294,0.309,37.1,10.1,37.8,76.212260806,93.845537607,25.3,50.5
177,18.6,8.5,0.337,0.365,32.8,9.6,50.4,83.58092871,96.044814797,22.4,51.0
842,26.4,4.0,0.27,0.277,32.1,6.3,34.5,77.474814353,93.263122919,26.9,48.2
512,14.6,8.0,0.325,0.331,30.1,4.8,35.7,77.290852292,93.770764465,18.0,43.9
229,32.3,5.7,0.269,0.238,31.4,5.7,35.0,74.867025857,93.485999424,29.2,50.7
214,25.2,8.4,0.28,0.271,28.6,6.4,29.3,76.423836667,92.697385693,22.5,43.4
669,13.5,4.9,0.33,0.309,30.1,6.2,28.5,76.385770833,92.747366103,20.1,44.7
587,18.7,10.7,0.371,0.362,41.0,7.8,44.9,78.945354653,94.901166658,21.3,47.0
808,23.6,8.3,0.347,0.337,35.2,10.4,39.3,77.065476868,94.313936189,28.7,50.1
527,20.7,4.7,0.307,0.309,30.7,7.2,41.2,82.058028718,94.386511208,22.9,49.4
240,19.6,7.5,0.323,0.306,33.5,5.8,32.4,76.137752209,92.911364561,21.6,46.2
219,20.1,10.5,0.284,0.309,23.0,4.7,38.5,75.598103919,93.609841088,22.1,49.4
636,17.0,9.1,0.317,0.343,31.8,7.7,41.0,79.419470996,94.166951818,22.5,45.3
239,19.2,7.9,0.296,0.326,31.3,8.4,39.8,79.951218415,94.781144451,25.1,45.3
223,20.2,13.9,0.315,0.345,29.7,11.0,38.6,80.040721528,94.448976458,21.4,43.0
565,30.6,4.2,0.254,0.265,32.2,8.4,33.9,76.73944477,93.468018937,30.6,52.2
709,17.2,9.9,0.307,0.329,32.5,5.9,38.6,78.716659407,93.808015663,19.7,46.0
723,22.8,9.0,0.279,0.296,31.9,7.4,31.5,77.811059017,93.240246859,26.1,45.8
246,18.7,9.8,0.353,0.347,34.7,5.4,40.1,77.132373855,93.898096024,22.9,42.1
263,25.5,10.6,0.317,0.325,33.9,8.3,34.5,74.742366145,93.295456242,28.2,43.5
632,18.8,8.7,0.322,0.326,29.1,4.4,36.2,78.600703241,93.682301319,19.5,44.2
775,27.4,8.0,0.315,0.295,34.0,7.9,39.1,79.38448151,94.312919224,30.0,51.5
754,20.6,8.5,0.293,0.302,30.6,4.9,39.1,78.008978053,93.968936756,24.9,44.8
604,25.0,7.8,0.294,0.294,36.1,8.6,35.4,77.492050718,93.601724154,25.6,51.0
951,24.0,5.3,0.309,0.298,32.4,6.3,33.0,76.790504264,93.434837926,24.8,51.0
753,19.8,6.0,0.35,0.346,36.3,9.5,43.8,79.057235,94.764961466,21.2,48.6
512,24.6,9.8,0.296,0.295,31.0,3.9,33.7,76.154969451,93.104023578,24.0,47.3
742,31.5,13.3,0.266,0.3,37.0,7.4,33.8,75.667264472,93.364914171,37.3,42.9
521,18.8,7.1,0.306,0.321,33.2,5.2,31.4,77.120650538,92.961329003,19.0,47.0
551,27.6,8.2,0.328,0.313,37.4,7.9,34.0,78.239107,93.626838,27.1,47.1
736,23.6,7.2,0.305,0.301,33.7,9.0,35.1,76.341792771,93.754029819,28.1,49.6
664,19.4,6.6,0.357,0.346,35.6,6.3,34.8,77.748113496,93.689658226,21.3,48.3
717,30.8,7.9,0.26,0.259,33.0,4.4,29.1,77.965412547,92.860139007,31.5,45.1
760,19.2,6.6,0.319,0.318,32.7,6.0,33.6,76.992998608,93.388263945,20.1,45.8
563,19.4,7.1,0.385,0.357,40.2,9.8,42.0,78.04239848,94.508679902,21.6,47.3
838,18.0,9.7,0.308,0.322,29.9,6.5,34.3,75.970808983,93.287329508,23.5,49.6
531,31.5,10.4,0.277,0.302,34.0,10.1,35.0,73.9743325,93.442735912,30.8,46.7
234,18.8,5.1,0.301,0.307,42.1,5.8,25.1,69.197185952,92.039514311,27.6,52.2
801,17.4,7.4,0.316,0.319,31.9,4.3,32.7,77.875023427,93.264826883,19.5,45.0
534,19.5,7.3,0.287,0.296,31.0,3.1,30.2,77.336654947,92.845859388,20.7,44.8
795,23.9,9.6,0.261,0.291,30.8,4.8,29.6,76.361267362,92.51406872,25.0,45.6
727,23.2,9.2,0.309,0.312,34.1,6.6,35.4,77.555262532,93.635942743,23.8,47.0
230,24.3,7.0,0.274,0.325,35.4,13.3,44.9,81.769538101,94.757966203,25.1,49.7
598,30.6,7.4,0.277,0.269,36.6,6.0,33.6,76.939714365,93.187773591,24.8,49.6
233,31.3,8.6,0.241,0.285,35.5,11.6,36.2,78.55690029,94.120844526,33.3,47.1
227,24.7,8.8,0.308,0.327,30.8,10.3,34.9,79.549102222,93.617136736,29.5,40.6
234,23.5,6.8,0.328,0.349,35.0,10.8,45.9,81.848783418,95.011290828,26.2,49.3
802,27.3,7.0,0.289,0.302,31.0,9.4,41.8,78.960209073,94.709603649,30.6,52.1
896,19.5,5.9,0.295,0.295,30.0,5.6,32.5,78.302827175,93.220840763,20.1,50.7
665,26.8,8.3,0.34,0.318,30.0,10.9,44.4,80.710690569,94.872462251,24.8,46.4
629,12.7,7.2,0.392,0.36,33.0,6.2,37.6,79.095383718,93.851929188,15.1,46.4
750,24.5,7.2,0.363,0.323,37.9,8.5,37.4,79.34909772,93.785211583,26.8,50.3
222,12.6,9.9,0.328,0.358,29.0,8.3,39.6,78.413971084,94.515513273,15.3,41.6
567,13.2,8.6,0.358,0.361,34.9,6.1,36.6,78.205979116,93.554518462,12.5,43.5
885,20.5,5.4,0.348,0.337,36.5,8.0,35.7,77.299764006,93.661091431,21.1,49.6
655,21.4,6.3,0.322,0.332,36.2,10.7,38.4,76.828018498,94.064186052,22.0,49.1
737,29.2,5.0,0.27,0.277,34.5,5.4,36.4,79.575999746,93.605811826,26.7,50.3
197,22.3,4.1,0.319,0.309,32.9,9.1,37.1,77.732469143,93.627920643,29.7,51.6
585,33.2,8.9,0.251,0.244,31.2,7.2,33.6,78.619212378,93.183498502,30.4,49.2
539,22.6,8.5,0.3,0.312,39.9,8.0,38.6,79.42641674,93.829833352,25.3,48.3
512,17.0,6.6,0.312,0.326,36.6,7.3,39.2,76.970003579,94.020185237,22.2,50.7
516,20.0,10.3,0.348,0.354,35.6,8.7,37.6,76.460443107,93.567303853,24.6,44.4
297,31.3,4.7,0.25,0.269,36.9,6.4,34.2,78.651437283,93.49421,31.9,49.7
546,29.5,10.4,0.274,0.268,31.1,5.2,28.3,74.734453813,92.30228,29.9,43.3
548,19.2,6.9,0.344,0.33,31.4,6.7,40.4,77.848396091,94.112764351,20.9,43.8
588,15.8,9.4,0.321,0.328,29.9,6.7,32.9,78.455515814,93.054127674,21.8,45.7
846,26.0,5.6,0.289,0.314,36.4,9.2,46.2,82.024994196,95.003873538,26.3,47.2
533,29.3,8.3,0.279,0.282,31.9,7.1,39.9,76.761769308,94.113869591,28.9,48.0
277,23.1,2.5,0.265,0.301,36.6,8.4,34.3,75.196540909,93.023268939,19.6,47.8
231,29.4,4.3,0.286,0.288,35.5,9.2,42.8,78.719963816,94.449429013,35.5,56.4
223,15.2,13.5,0.361,0.376,32.5,9.6,38.9,77.283284872,94.420626474,19.5,42.0
636,17.8,6.9,0.351,0.341,35.6,8.3,35.6,77.24105181,93.41857625,22.1,50.3
619,15.5,7.4,0.357,0.349,37.1,11.6,42.7,80.703908814,94.897921525,20.3,49.8
617,23.2,9.1,0.317,0.322,31.1,7.6,41.3,80.11781685,94.44789115,27.2,47.3
725,28.3,3.9,0.304,0.285,38.1,8.1,38.5,78.199092336,94.021611581,29.4,55.9
509,19.1,7.1,0.358,0.355,40.3,9.3,42.2,77.076907017,94.223236796,19.3,46.0
160,15.0,8.1,0.283,0.305,29.5,7.4,37.7,77.815786885,94.028831322,24.6,46.6
818,22.5,8.1,0.312,0.323,32.4,7.7,38.7,79.045151148,93.924687625,23.3,47.3
796,24.7,6.5,0.264,0.272,31.2,4.1,29.2,77.528217198,92.686430661,23.8,47.1
643,24.4,7.3,0.295,0.294,35.4,7.8,36.3,77.928197512,93.46698963,29.1,48.9
547,21.8,10.8,0.308,0.306,30.4,4.3,30.0,75.253832737,92.782237011,26.2,43.2
790,15.7,7.2,0.353,0.373,37.9,9.3,44.0,80.192000808,94.927415572,21.2,45.7
207,12.6,13.0,0.347,0.363,32.9,6.6,44.1,78.5401164,95.272783826,18.2,41.8
252,18.3,7.5,0.316,0.342,30.8,9.2,39.5,74.541613913,93.6962775,17.9,44.3
613,19.6,10.4,0.358,0.38,37.0,10.9,45.0,78.653706172,95.050376316,22.2,44.8
549,14.9,7.7,0.344,0.34,33.8,5.0,32.5,73.919035743,93.337019231,16.8,47.8
625,17.9,8.6,0.339,0.356,38.7,7.0,38.8,81.13657489,94.100184901,20.8,45.9
552,28.3,6.7,0.263,0.256,31.7,2.8,31.3,76.37520142,93.088450427,28.2,48.2
838,21.2,8.6,0.304,0.317,30.9,6.4,31.4,79.032774515,93.295812705,23.9,47.0
728,17.3,8.7,0.338,0.35,34.7,7.3,35.5,76.222407311,93.57778803,23.6,48.1
183,16.4,4.4,0.286,0.321,33.3,7.6,39.6,80.01528375,93.92545035,17.2,48.4
301,19.3,10.0,0.356,0.36,33.3,7.2,39.6,76.836915825,93.881787171,23.3,41.5
766,13.4,6.7,0.365,0.352,38.3,7.4,32.1,78.239708822,93.133951804,18.5,45.8
719,28.0,7.1,0.288,0.279,37.4,6.7,34.2,76.832555895,93.323217926,32.2,50.5
221,19.5,7.2,0.367,0.334,35.6,8.8,45.0,80.494721375,95.217745535,22.6,45.3
583,21.3,10.6,0.321,0.317,32.6,6.2,31.6,77.384013785,93.284953229,23.1,46.7
226,16.8,8.0,0.32,0.376,33.9,9.5,48.2,80.598450476,95.660059042,23.5,44.2
681,19.7,5.6,0.316,0.329,34.7,9.4,40.8,79.048289799,94.325262048,22.3,52.0
543,16.6,8.5,0.346,0.346,34.2,6.4,39.6,76.8896006,93.9244305,24.0,47.0
806,21.8,8.8,0.333,0.305,30.8,7.0,30.2,76.270660362,92.870869528,24.1,49.3
847,24.2,3.8,0.309,0.301,36.1,6.3,33.8,76.297457625,93.23230199,22.4,49.1
239,20.5,10.5,0.332,0.339,36.2,8.0,39.3,75.710724691,94.229585494,19.3,44.3
661,15.4,6.5,0.345,0.338,33.4,7.8,40.6,78.184592174,94.031287624,17.6,45.7
768,19.8,8.5,0.312,0.289,27.5,4.4,26.9,74.149818745,92.141573867,22.9,46.4
912,27.5,5.9,0.269,0.279,29.5,6.7,31.2,78.651695105,93.234360787,25.7,48.1
745,22.8,5.9,0.254,0.259,28.9,3.4,26.2,76.410293878,92.363342796,24.7,43.2
776,19.1,6.4,0.324,0.333,33.5,7.4,40.8,77.951337254,94.193265704,24.7,49.3
549,26.2,5.6,0.272,0.282,34.0,5.9,37.7,75.940205,93.586356984,29.5,50.3
648,13.7,5.4,0.381,0.351,34.0,7.3,37.4,77.971227891,93.973900841,12.6,46.8
582,21.1,9.8,0.336,0.322,30.5,6.3,39.5,77.528016218,94.004006762,25.1,43.0
716,24.6,5.0,0.291,0.29,33.4,5.4,36.6,76.614522327,93.56474102,23.8,52.9
722,19.4,7.6,0.31,0.325,32.5,7.5,40.2,77.759256899,94.06919,22.2,47.0
224,27.2,7.6,0.302,0.306,36.2,7.8,34.8,77.914342286,93.620311007,29.9,44.1
505,23.6,6.3,0.283,0.286,33.3,6.0,37.6,77.304123023,93.812180058,26.7,48.2
636,19.0,6.8,0.334,0.341,33.7,8.2,36.7,79.889054521,94.185456119,23.1,47.7
748,19.9,7.1,0.296,0.313,32.8,5.9,31.7,78.073854633,93.358087853,22.8,47.2
252,19.4,8.3,0.382,0.342,33.7,6.7,36.0,75.560006897,93.408938621,24.1,48.5
644,19.9,8.9,0.317,0.33,34.5,8.8,30.8,76.343084091,93.040743818,21.8,47.2
687,23.1,9.0,0.317,0.323,38.1,9.4,38.3,78.877175219,93.876231451,27.1,48.0
215,18.6,7.9,0.273,0.307,29.0,7.1,39.4,79.733571447,94.346649145,22.4,45.3
675,27.4,7.0,0.33,0.288,37.4,6.8,33.6,74.680898539,93.136941396,26.3,48.7
671,23.2,7.5,0.33,0.312,32.7,9.1,42.9,80.031482379,94.542852357,25.5,51.4
199,22.6,8.5,0.332,0.316,37.5,8.8,33.8,76.820292794,93.51882363,20.7,44.2
525,21.1,6.7,0.325,0.308,31.6,6.2,37.0,78.153813901,93.611759148,22.0,48.2
236,23.3,7.6,0.368,0.333,36.4,9.3,42.0,79.435491,94.356294875,24.8,47.9
699,20.5,7.0,0.315,0.323,30.4,4.8,38.7,79.730745252,94.17832792,21.1,45.1
587,31.2,8.5,0.296,0.308,40.1,11.8,43.8,80.327621156,94.780976127,29.6,48.9
257,24.1,4.7,0.236,0.29,29.2,3.9,43.8,80.429041591,94.574215682,23.6,48.1
587,18.7,8.3,0.335,0.333,31.3,4.3,39.8,78.735338889,94.049734358,18.8,42.2
275,26.2,6.2,0.279,0.274,32.4,3.2,29.2,76.646542667,92.768601899,26.0,49.3
258,23.3,7.0,0.278,0.302,33.3,6.7,38.9,78.451666854,94.006551525,22.6,49.3
703,26.5,3.4,0.276,0.27,29.2,9.0,35.1,75.557414813,93.73501605,24.0,49.9
732,26.4,7.0,0.295,0.302,30.9,8.8,34.0,77.746689496,93.580311996,24.1,47.8
175,20.6,6.9,0.269,0.32,37.3,6.3,37.3,77.670760164,94.186944426,24.7,49.6
631,23.9,6.8,0.296,0.277,26.3,3.7,41.1,78.451360236,94.153661087,24.8,45.0
706,22.7,7.9,0.333,0.333,32.8,7.5,37.8,76.984740798,93.893180021,29.2,46.6
763,23.6,7.9,0.32,0.304,34.1,5.4,29.5,75.657403976,92.577866844,25.0,45.4
168,19.6,12.5,0.308,0.334,31.3,6.3,40.2,74.014978929,94.375471071,22.3,46.5
644,24.1,6.1,0.285,0.267,29.1,2.0,26.6,74.42863656,92.581566943,28.2,50.9
594,18.5,8.6,0.339,0.337,33.8,6.8,37.6,79.195905024,93.791637126,18.0,44.0
745,22.4,6.6,0.291,0.29,31.1,6.6,32.8,73.740095781,92.802733268,23.6,46.5
751,27.3,5.1,0.251,0.26,30.2,4.0,29.6,76.951999079,92.928566625,27.0,51.9
224,19.6,7.1,0.282,0.315,30.1,6.7,33.7,76.854846,93.489027438,19.1,48.3
682,19.8,5.6,0.313,0.294,31.2,5.2,28.6,77.566623222,92.832344833,19.9,44.6
708,23.3,6.9,0.314,0.318,33.7,8.8,39.5,77.787950788,94.033699958,28.6,49.6
239,25.9,8.4,0.307,0.317,36.5,10.3,40.4,75.572587564,93.83100891,27.0,46.6
201,29.9,10.4,0.29,0.283,33.6,6.0,39.7,76.316209138,93.353811121,33.7,45.7
553,24.4,7.6,0.277,0.275,27.2,5.1,26.3,73.59857095,92.227648992,24.7,46.5
783,13.2,6.4,0.337,0.33,32.3,7.2,35.0,74.968575987,93.265151588,18.3,51.0
303,13.5,5.9,0.309,0.33,27.9,5.4,38.3,77.06990275,93.887047992,18.4,46.3
215,16.3,7.9,0.328,0.369,37.7,9.9,39.5,79.472548,94.380675438,19.1,45.1
737,34.3,7.5,0.271,0.269,36.2,3.8,36.2,79.88189322,93.485750856,32.7,46.0
569,20.9,6.3,0.291,0.308,32.0,6.6,40.7,77.846592759,94.278064236,22.4,45.9
735,21.4,7.5,0.317,0.339,36.9,8.9,40.3,79.052297752,94.393783895,24.0,47.7
255,17.3,13.3,0.354,0.389,36.8,8.8,40.9,79.089970706,94.561858059,25.3,41.5
701,29.1,6.7,0.252,0.263,28.2,6.1,32.0,76.544349151,93.078753853,27.7,49.7
242,21.1,12.0,0.296,0.354,30.0,6.3,43.8,81.291830641,94.939800903,28.2,43.5
556,20.0,4.7,0.338,0.327,38.6,9.6,38.4,78.618285314,93.904943237,20.5,48.5
223,16.1,9.4,0.345,0.354,36.8,9.8,41.7,81.653866543,95.114665432,22.0,47.2
667,19.5,6.1,0.319,0.324,33.1,6.3,39.6,78.355076255,94.143832227,20.3,49.2
782,29.4,6.5,0.263,0.271,29.7,6.1,33.5,76.091770902,93.196214467,28.1,49.1
786,18.2,7.4,0.357,0.365,36.6,8.4,40.0,79.727428951,94.38914035,25.2,45.9
550,30.9,12.5,0.305,0.335,39.3,11.0,41.2,78.2789814,94.3982398,31.6,44.4
271,22.1,8.1,0.378,0.349,37.0,10.9,37.0,75.498472609,93.758217268,27.9,48.5
257,16.3,6.6,0.249,0.317,34.3,4.0,31.3,74.956208144,93.354275567,23.8,45.1
770,24.5,4.7,0.29,0.297,35.0,9.0,44.6,80.44648539,94.746169145,26.3,52.2
798,28.3,5.8,0.289,0.295,34.1,7.4,34.6,75.954064646,93.471092998,29.6,48.9
871,17.7,9.0,0.326,0.35,35.9,8.3,35.6,78.170011093,93.584878939,24.3,45.4
722,19.1,7.9,0.315,0.312,32.9,5.6,31.7,77.758042023,92.933534786,19.1,46.1
738,22.6,6.6,0.323,0.3,34.0,6.7,31.0,77.317629882,93.170192992,24.7,47.5
190,23.7,11.1,0.253,0.28,23.0,5.7,35.2,77.319430656,93.290513033,28.5,48.7
185,24.9,7.0,0.232,0.27,28.8,4.0,40.8,80.835442581,94.181533871,24.8,53.2
780,28.2,5.9,0.29,0.298,36.7,7.7,34.7,77.93695627,93.467707917,26.8,49.7
550,20.7,12.2,0.359,0.32,30.8,4.1,25.3,72.665698409,92.331377806,23.9,45.6
745,20.4,6.2,0.321,0.326,34.7,5.7,37.9,80.580937899,93.957980447,20.9,44.3
268,38.8,6.7,0.246,0.256,30.1,9.6,33.6,77.995876806,93.342833889,40.7,54.1
202,21.8,11.9,0.394,0.333,27.1,4.5,36.8,77.971035672,93.959706241,25.1,43.9
250,24.8,7.6,0.267,0.298,35.1,7.1,37.5,79.776681928,94.668467697,29.3,48.6
689,20.2,3.0,0.316,0.31,35.8,6.9,34.7,75.470981451,93.389888686,23.9,51.2
584,24.0,9.8,0.358,0.336,36.6,7.3,37.2,77.29458766,93.767580585,22.1,45.8
523,21.6,8.8,0.339,0.343,34.0,8.4,44.3,81.635898483,94.938188282,26.1,46.2
315,20.3,2.5,0.269,0.274,34.3,4.5,32.0,74.950220833,92.680787573,24.9,49.8
886,27.7,5.1,0.283,0.284,33.2,5.6,32.1,77.765719929,93.146480906,26.9,51.1
515,25.0,8.2,0.32,0.316,33.4,7.3,43.7,79.61343345,94.422562845,26.3,50.4
246,17.9,8.5,0.353,0.332,29.4,5.6,32.8,74.6402825,92.993536989,22.3,49.0
762,19.8,6.3,0.301,0.32,31.4,7.0,40.6,77.348736884,94.275894674,25.2,54.2
780,29.0,10.0,0.277,0.277,26.2,5.1,33.6,75.363934533,93.547291448,35.5,47.3
771,21.3,7.5,0.34,0.345,35.4,8.6,41.2,80.168837313,94.223625504,22.6,45.3
267,34.8,7.5,0.225,0.259,34.7,7.3,40.0,77.445168667,94.21267604,32.5,47.4
530,21.5,5.3,0.286,0.318,34.8,8.8,33.8,77.286390316,93.461512711,22.4,49.6
585,12.5,4.6,0.321,0.336,34.4,6.8,39.6,78.554945625,93.738299354,17.3,46.2
832,24.3,5.3,0.274,0.294,34.7,4.3,34.7,77.828299751,93.342487456,22.8,48.3
785,13.8,6.0,0.316,0.345,30.0,5.5,38.7,79.170138771,94.198862729,18.1,44.7
756,28.6,7.7,0.264,0.282,29.9,4.9,32.5,77.626260088,93.368970396,28.9,46.0
710,33.4,7.3,0.255,0.254,33.6,6.5,39.8,79.131004203,93.698768499,31.2,49.8
765,22.4,7.7,0.317,0.316,31.2,5.9,33.8,78.905913695,93.393239034,23.0,44.2
708,29.0,9.6,0.265,0.286,30.1,6.8,33.3,77.34451901,93.509332705,28.1,42.2
827,25.0,5.7,0.289,0.277,31.3,4.4,28.4,76.763550147,92.74883356,24.2,45.9
774,20.5,7.5,0.299,0.292,27.2,4.1,35.6,77.145629341,93.642928165,24.4,45.1
755,27.4,7.0,0.335,0.304,35.6,6.7,39.3,79.597226066,94.022051211,31.1,48.8
288,33.7,9.7,0.257,0.27,33.5,5.6,35.4,75.1833505,93.575196101,36.6,50.7
515,20.4,7.4,0.349,0.314,34.5,8.2,35.3,77.517810387,93.669716713,21.1,46.2
188,19.1,6.9,0.3,0.336,39.1,8.0,38.4,77.502992029,93.646924348,25.6,49.0
237,21.9,6.3,0.29,0.295,31.5,7.7,37.1,76.02248988,93.931292061,21.7,44.6
548,26.5,7.8,0.328,0.321,34.6,8.7,40.5,78.805126826,94.159566486,25.5,44.2
654,22.3,8.4,0.301,0.328,30.5,10.0,39.4,78.125196864,94.202828841,23.4,46.2
593,16.4,3.9,0.332,0.344,32.6,7.7,38.8,79.099913176,94.182767312,17.3,46.8
523,29.6,5.0,0.285,0.272,32.4,4.4,33.3,78.566021779,93.235114387,25.6,47.4
852,26.9,9.4,0.304,0.31,32.9,6.8,39.5,78.647378213,93.936595657,26.5,44.6
606,18.8,7.4,0.339,0.318,37.0,6.1,34.1,77.486563257,93.390775459,18.8,47.5
748,27.1,7.2,0.284,0.304,33.8,7.2,38.5,76.746073648,93.540208734,29.3,46.9
886,23.4,5.6,0.26,0.266,28.4,5.3,38.5,76.106105279,93.947545934,25.4,53.4
582,13.1,9.8,0.373,0.362,31.7,6.1,44.0,79.499558402,94.756131739,17.7,45.1
291,28.2,8.6,0.275,0.296,33.7,7.2,32.6,75.761361573,93.139621469,30.2,43.3
844,20.5,8.3,0.292,0.3,30.9,5.0,29.2,76.369316014,92.633889036,21.5,45.8
766,22.7,6.4,0.299,0.314,37.6,7.1,45.6,80.915132121,95.054543814,24.2,50.3
804,31.7,5.5,0.25,0.25,31.5,4.8,30.8,75.691489191,92.674544414,31.2,53.4
671,20.4,9.2,0.344,0.327,30.0,8.9,38.0,75.651708018,94.089395066,24.4,44.4
226,27.9,4.0,0.311,0.285,35.5,8.6,38.8,76.846940789,93.603936447,28.7,49.0
855,20.1,8.5,0.282,0.306,30.5,5.4,30.3,77.099292586,92.874983506,21.7,43.8
784,29.5,5.5,0.288,0.283,32.9,6.0,39.1,79.706658008,94.074574751,33.0,49.7
803,17.8,6.7,0.306,0.328,37.4,6.5,36.6,76.636927659,93.594969883,16.9,43.5
587,18.2,10.6,0.325,0.343,34.2,8.9,38.1,78.076395377,94.125946599,23.1,45.2
640,20.6,5.9,0.312,0.319,35.5,10.8,35.3,77.29015187,93.470661678,22.3,48.9
524,21.2,10.9,0.369,0.347,33.4,9.4,37.1,77.981150289,93.994251763,25.3,44.7
185,16.8,3.2,0.32,0.29,37.2,2.8,30.3,74.855803333,92.989312639,23.3,52.2
261,21.1,6.5,0.287,0.301,28.9,5.9,37.4,77.390751957,93.869726848,23.0,46.4
242,23.6,9.1,0.324,0.33,32.9,7.5,36.0,77.840288987,93.989484013,25.6,46.3
777,21.4,6.2,0.298,0.308,36.3,7.5,37.9,77.154947138,93.903178297,25.9,47.6
729,21.7,5.9,0.284,0.318,33.6,6.5,42.0,77.468444661,94.596511195,26.7,48.5
263,23.2,8.7,0.285,0.301,28.8,4.5,40.1,77.398455843,94.126124972,24.2,42.0
516,21.5,4.1,0.29,0.309,30.8,5.5,34.2,78.04095459,93.507420792,23.2,50.6
679,20.2,6.9,0.286,0.305,34.4,5.5,35.8,74.438826914,93.299908909,23.8,47.9
692,20.4,10.1,0.333,0.346,36.7,7.3,37.3,78.254860297,93.611657818,23.3,46.1
706,26.8,5.8,0.28,0.289,30.1,6.6,34.1,78.595967339,93.45842669,27.4,51.3
658,16.9,7.9,0.377,0.36,36.9,10.2,38.6,77.005416033,93.997254483,19.0,47.1
556,20.5,10.6,0.337,0.349,34.8,9.0,39.6,77.282799734,94.2339008,23.4,44.8
567,17.6,9.2,0.317,0.306,28.8,4.1,32.9,78.124084171,93.418185239,19.3,46.3
731,23.0,11.6,0.336,0.32,28.6,6.4,33.3,78.13093163,93.357773598,27.9,43.3
888,25.3,5.3,0.27,0.279,34.1,4.6,30.8,76.771431486,93.048346294,25.4,51.0
185,13.0,13.0,0.311,0.368,35.0,8.8,41.6,78.74264,94.056045259,18.6,46.2
811,20.6,5.2,0.313,0.293,32.8,5.7,35.0,78.345859552,93.474457478,21.5,45.7
695,28.9,9.2,0.293,0.284,32.0,5.8,31.0,76.951516373,93.08194473,28.5,44.8
620,16.9,7.9,0.327,0.341,28.0,6.5,34.6,76.325091858,93.467056416,20.4,45.7
711,22.8,9.8,0.322,0.332,35.2,7.4,39.0,78.555609372,93.924690112,24.7,47.4
796,19.6,8.9,0.287,0.32,32.8,6.5,37.8,78.050611481,93.927760278,21.2,43.4
859,30.2,4.7,0.28,0.295,32.5,8.5,43.3,80.813265602,94.463244267,30.6,47.8
203,31.0,8.9,0.312,0.31,35.2,9.8,36.9,76.379892333,93.60301225,33.7,47.6
737,18.3,9.1,0.334,0.306,33.8,5.3,29.7,74.984020191,92.727144015,21.5,49.0
821,17.7,7.9,0.304,0.311,29.0,5.0,34.4,77.676319761,93.527102718,22.7,46.5
843,23.7,4.7,0.225,0.255,28.1,4.0,27.8,77.378314772,92.576581107,26.8,48.1
649,19.1,9.7,0.318,0.326,33.3,7.9,33.8,77.052852477,93.124975473,24.0,43.6
761,19.6,8.4,0.319,0.342,38.9,6.6,35.4,78.516620951,93.495959886,20.3,44.3
807,17.3,10.7,0.345,0.327,27.8,5.5,35.1,78.539410511,93.601808227,18.6,45.0
670,15.7,4.8,0.323,0.319,30.7,5.9,42.7,79.742400117,94.861867695,19.5,48.1
701,20.5,6.8,0.317,0.306,29.6,6.9,36.9,77.11993996,93.87472086,22.9,44.1
634,25.9,7.4,0.332,0.357,35.3,13.9,45.1,78.79621285,95.450602833,26.7,48.9
638,23.7,9.4,0.294,0.307,31.6,5.7,34.0,76.418262961,93.079175728,29.5,48.2
827,28.9,7.1,0.291,0.273,32.1,5.9,28.8,75.233682278,92.71360176,29.1,49.9
849,29.1,5.4,0.257,0.258,31.2,4.6,28.5,71.902242948,92.688965373,26.5,51.9
569,23.4,7.2,0.281,0.275,31.7,4.4,26.0,74.810135873,92.219573156,24.2,46.9
230,17.0,4.8,0.362,0.351,38.4,8.5,44.1,77.995835909,94.497294114,16.3,47.4
831,27.0,7.0,0.251,0.258,27.9,4.6,31.2,76.78916375,92.730845284,27.5,47.6
607,26.9,5.6,0.275,0.275,34.0,7.7,34.5,73.07377575,93.389151153,25.1,50.5
779,34.4,6.9,0.247,0.243,31.4,5.6,29.5,76.053612615,92.471210917,32.1,52.0
537,22.2,4.8,0.309,0.337,38.7,10.9,42.1,80.533819372,94.75094644,24.1,52.8
516,18.2,8.1,0.349,0.333,28.6,6.3,43.4,79.926266522,94.447179837,19.6,44.5
684,18.6,4.1,0.33,0.323,31.9,6.7,41.0,80.616567347,94.698374816,20.3,49.5
644,24.4,9.0,0.32,0.305,30.4,6.9,38.2,77.826462115,94.242232699,26.7,45.3
783,15.2,4.3,0.326,0.348,35.4,6.7,39.6,79.210878553,94.224811479,16.7,49.7
641,27.5,7.0,0.264,0.256,31.7,5.8,36.0,76.553069045,93.446171033,26.3,50.2
637,19.0,6.0,0.295,0.302,37.3,6.8,30.7,77.25768382,92.937064678,22.1,48.0
236,23.7,7.2,0.279,0.319,33.7,7.4,43.6,80.510859875,95.048878176,27.9,50.4
235,17.4,7.2,0.293,0.324,31.6,9.6,37.9,78.758575402,93.810016667,21.9,46.0
773,21.5,7.0,0.306,0.317,34.6,8.4,35.9,80.403831513,93.892650572,21.7,49.0
793,15.3,8.6,0.32,0.323,33.0,2.8,34.3,78.001390777,93.200094358,16.9,42.2
708,31.9,9.6,0.295,0.294,37.0,9.9,38.8,78.65144905,94.13969505,34.6,46.8
526,27.2,10.5,0.334,0.346,40.7,10.5,39.5,78.484095414,94.280519936,29.5,45.9
175,21.1,7.4,0.313,0.328,35.5,8.1,41.1,75.769431774,94.46337813,24.8,46.2
859,19.9,6.2,0.308,0.287,31.9,3.5,29.2,75.473398208,92.354895856,23.5,47.9
649,23.7,10.2,0.35,0.319,33.6,10.7,36.9,75.597201498,93.715460483,26.9,44.8
656,22.3,9.0,0.329,0.328,34.0,6.7,40.7,78.858639213,94.367714074,24.7,46.9
661,24.5,7.7,0.299,0.31,35.4,7.4,36.5,76.20211733,93.84232457,29.0,50.4
596,19.1,5.4,0.369,0.358,35.1,9.5,43.0,79.893959679,94.577700529,19.6,47.6
553,13.4,6.1,0.37,0.372,35.0,6.6,37.0,78.21888717,93.922643561,19.7,49.0
603,21.1,10.1,0.313,0.326,35.4,8.2,35.7,77.356116798,93.299093621,25.2,48.0
277,20.2,9.4,0.324,0.336,34.4,5.7,33.9,77.153333789,93.34431836,19.9,45.2
700,23.0,10.9,0.327,0.31,30.4,4.2,37.1,76.011148333,93.581628879,23.4,46.6
544,31.6,2.0,0.204,0.222,27.9,4.5,27.3,77.128945852,92.355949715,31.0,51.7
766,17.1,6.9,0.346,0.347,35.2,9.7,42.4,79.406275786,94.45487619,20.8,47.5
825,23.2,7.0,0.299,0.291,26.8,4.2,34.6,78.866245772,93.348857077,24.6,47.0
289,33.2,8.0,0.272,0.283,34.5,5.4,38.1,76.996211205,93.982298795,31.2,47.1
570,17.9,9.1,0.315,0.329,31.6,8.0,34.5,75.6872467,93.596934025,21.4,42.2
718,21.9,5.4,0.309,0.307,31.6,6.4,38.7,78.298800906,93.889653787,24.5,51.9
222,18.5,10.4,0.382,0.361,29.9,7.6,47.8,81.42331359,95.647864936,24.2,47.3
288,26.4,5.6,0.279,0.301,33.5,7.9,48.7,81.369185532,95.230895957,24.3,44.8
825,25.5,6.7,0.31,0.315,36.5,8.6,35.6,75.953749524,93.735176239,23.2,47.8
890,21.2,3.6,0.274,0.301,32.8,7.0,35.1,77.86729175,93.520286813,18.5,48.4
624,17.8,8.3,0.339,0.34,34.0,6.9,38.9,76.720419821,94.143819215,22.1,48.2
627,14.5,8.8,0.352,0.343,33.5,7.7,37.2,76.810550681,93.976799595,20.0,46.4
740,18.9,6.6,0.289,0.326,34.5,8.3,37.7,79.575589554,93.884060149,19.9,48.3
223,21.1,4.5,0.341,0.326,40.6,10.3,41.2,78.036043415,94.992034172,24.9,51.2
532,28.8,8.1,0.304,0.287,36.3,5.7,32.3,76.660101795,93.070558167,31.3,49.9
615,26.5,6.2,0.245,0.257,34.2,5.3,34.7,77.302580728,93.293066165,24.4,50.5
590,21.7,8.1,0.34,0.337,31.1,9.3,40.6,78.493197525,94.762373089,21.9,44.9
863,19.4,7.1,0.291,0.3,29.8,5.9,30.1,74.555954838,92.70750678,23.2,48.5
535,21.1,6.0,0.276,0.26,32.0,4.1,27.6,77.614432565,92.277086063,22.5,48.7
644,16.3,8.2,0.334,0.338,32.2,8.1,34.2,77.646058602,93.509477775,18.1,47.3
585,18.6,2.4,0.34,0.351,39.3,7.0,36.6,77.664868973,93.701737589,19.5,48.9
784,27.3,10.1,0.321,0.312,36.8,6.2,41.6,79.788605816,94.355014456,31.0,46.3
722,24.5,6.9,0.3,0.313,33.2,7.0,35.7,78.004062241,93.851433472,22.8,47.5
718,20.1,6.7,0.331,0.326,34.8,7.5,37.5,77.435542039,93.992252392,25.1,48.5
676,16.9,5.9,0.279,0.31,32.5,4.9,29.4,74.757091383,92.750320693,21.3,49.5
511,22.3,8.4,0.336,0.332,31.4,8.1,43.5,77.886593699,94.650115246,23.2,46.3
848,23.6,9.1,0.307,0.315,32.0,6.0,35.7,75.943485474,93.704193047,26.8,48.7
787,20.7,6.2,0.283,0.295,29.3,5.5,39.0,78.053770216,94.043291367,24.0,47.3
673,18.0,7.3,0.316,0.311,29.4,5.0,34.8,78.156665163,93.489868982,21.2,47.2
816,21.9,8.7,0.346,0.344,37.8,8.2,33.7,76.544743863,93.436369079,25.8,46.5
541,27.9,6.8,0.247,0.26,25.9,4.3,32.0,78.064161845,92.93610003,25.5,49.1
791,16.2,4.0,0.311,0.318,29.9,5.3,37.6,80.64008598,93.890421364,13.4,47.2
240,20.0,7.5,0.309,0.348,33.9,8.9,47.6,81.472314643,94.881262874,20.3,45.3
234,25.6,6.4,0.267,0.271,22.6,7.5,36.5,77.08787443,93.886026139,29.9,46.9
617,17.8,9.4,0.368,0.352,36.0,9.7,44.6,79.624909136,95.09870475,23.6,45.5
